c:\codex\third_party\neurad-studio\nerfstudio\utils\misc.py:185: RuntimeWarning: Windows does not yet support torch.compile and the performance will be affected.
  warnings.warn(
c:\codex\third_party\neurad-studio\nerfstudio\utils\misc.py:185: RuntimeWarning: Windows does not yet support torch.compile and the performance will be affected.
  warnings.warn(
py123d dataparser has missing dependencies; install py123d to enable py123d-data.
Waymo dataparser has missing dependencies, please following installation instructions in README.md
Training evidence directory: C:\codex\outputs\training\intermediate_3000\splatad\2026-09-26_051956_834730Z
c:\codex\third_party\neurad-studio\nerfstudio\utils\misc.py:185: RuntimeWarning: Windows does not yet support torch.compile and the performance will be affected.
  warnings.warn(
c:\codex\third_party\neurad-studio\nerfstudio\utils\misc.py:185: RuntimeWarning: Windows does not yet support torch.compile and the performance will be affected.
  warnings.warn(
py123d dataparser has missing dependencies; install py123d to enable py123d-data.
Waymo dataparser has missing dependencies, please following installation instructions in README.md
c:\codex\third_party\neurad-studio\nerfstudio\field_components\activations.py:32: FutureWarning: `torch.cuda.amp.custom_fwd(args...)` is deprecated. Please use `torch.amp.custom_fwd(args..., device_type='cuda')` instead.
  @custom_fwd(cast_inputs=torch.float32)
c:\codex\third_party\neurad-studio\nerfstudio\field_components\activations.py:39: FutureWarning: `torch.cuda.amp.custom_bwd(args...)` is deprecated. Please use `torch.amp.custom_bwd(args..., device_type='cuda')` instead.
  def backward(ctx, g):
──────────────────────────────────────────────────────── Config ────────────────────────────────────────────────────────
TrainerConfig(
    _target=<class 'nerfstudio.engine.trainer.Trainer'>,
    output_dir=WindowsPath('C:/codex/outputs/training'),
    method_name='splatad',
    experiment_name='intermediate_3000',
    project_name='nerfstudio-project',
    timestamp='2026-09-26_051956_834730Z',
    machine=MachineConfig(seed=42, num_devices=1, num_machines=1, machine_rank=0, dist_url='auto', device_type='cuda'),
    logging=LoggingConfig(
        relative_log_dir=WindowsPath('.'),
        steps_per_log=10,
        max_buffer_size=20,
        local_writer=LocalWriterConfig(
            _target=<class 'nerfstudio.utils.writer.LocalWriter'>,
            enable=True,
            stats_to_track=(
                <EventName.ITER_TRAIN_TIME: 'Train Iter (time)'>,
                <EventName.TRAIN_RAYS_PER_SEC: 'Train Rays / Sec'>,
                <EventName.CURR_TEST_PSNR: 'Test PSNR'>,
                <EventName.VIS_RAYS_PER_SEC: 'Vis Rays / Sec'>,
                <EventName.TEST_RAYS_PER_SEC: 'Test Rays / Sec'>,
                <EventName.ETA: 'ETA (time)'>
            ),
            max_log_size=10
        ),
        profiler='basic'
    ),
    viewer=ViewerConfig(
        relative_log_filename='viewer_log_filename.txt',
        websocket_port=None,
        websocket_port_default=7007,
        websocket_host='0.0.0.0',
        num_rays_per_chunk=32768,
        max_num_display_images=512,
        quit_on_train_completion=False,
        image_format='jpeg',
        jpeg_quality=75,
        make_share_url=False,
        camera_frustum_scale=0.1,
        default_composite_depth=True,
        max_points_per_cloud=2000
    ),
    pipeline=SplatADPipelineConfig(
        _target=<class 'nerfstudio.pipelines.splatad_pipeline.SplatADPipeline'>,
        datamanager=FullImageLidarDatamanagerConfig(
            _target=<class 'nerfstudio.data.datamanagers.full_images_lidar_datamanager.FullImageLidarDatamanager'>,
            data=None,
            masks_on_gpu=False,
            images_on_gpu=False,
            dataparser=PandaSetDataParserConfig(
                _target=<class 'nerfstudio.data.dataparsers.pandaset_dataparser.PandaSet'>,
                data=WindowsPath('C:/codex/data/pandaset'),
                sequence='028',
                train_split_fraction=0.5,
                train_eval_split_type=<SplitTypes.LINSPACE: 'linspace'>,
                max_eval_frames=None,
                dataset_start_fraction=0.0,
                dataset_end_fraction=1.0,
                cameras=('front', 'front_left', 'front_right', 'back', 'left', 'right'),
                lidars=('Pandar64',),
                min_lidar_dist=(1.0, 2.0, 2.0),
                radars=(),
                load_cuboids=True,
                include_deformable_actors=False,
                annotation_interval=0.1,
                trajectory_extrapolation_length=1.0,
                rolling_shutter_time=0.03,
                time_to_center_pixel=-0.01,
                allow_per_point_times=True,
                add_missing_points=True,
                lidar_elevation_mapping={
                    'Pandar64': {
                        0: 14.882,
                        1: 11.032,
                        2: 8.059,
                        3: 5.057,
                        4: 3.04,
                        5: 2.028,
                        6: 1.86,
                        7: 1.688,
                        8: 1.522,
                        9: 1.351,
                        10: 1.184,
                        11: 1.013,
                        12: 0.846,
                        13: 0.675,
                        14: 0.508,
                        15: 0.337,
                        16: 0.169,
                        17: 0.0,
                        18: -0.169,
                        19: -0.337,
                        20: -0.508,
                        21: -0.675,
                        22: -0.846,
                        23: -1.013,
                        24: -1.184,
                        25: -1.351,
                        26: -1.522,
                        27: -1.688,
                        28: -1.86,
                        29: -2.028,
                        30: -2.198,
                        31: -2.365,
                        32: -2.536,
                        33: -2.7,
                        34: -2.873,
                        35: -3.04,
                        36: -3.21,
                        37: -3.375,
                        38: -3.548,
                        39: -3.712,
                        40: -3.884,
                        41: -4.05,
                        42: -4.221,
                        43: -4.385,
                        44: -4.558,
                        45: -4.72,
                        46: -4.892,
                        47: -5.057,
                        48: -5.229,
                        49: -5.391,
                        50: -5.565,
                        51: -5.726,
                        52: -5.898,
                        53: -6.061,
                        54: -7.063,
                        55: -8.059,
                        56: -9.06,
                        57: -9.885,
                        58: -11.032,
                        59: -12.006,
                        60: -12.974,
                        61: -13.93,
                        62: -18.889,
                        63: -24.897
                    }
                },
                skip_elevation_channels={'Pandar64': (62, 63)},
                lidar_azimuth_resolution={'Pandar64': 0.2},
                correct_cuboid_time=True
            ),
            camera_res_scale_factor=1.0,
            eval_num_images_to_sample_from=-1,
            eval_num_times_to_repeat_images=-1,
            eval_image_indices=(0,),
            cache_images='gpu',
            cache_images_type='uint8',
            max_thread_workers=None,
            train_cameras_sampling_strategy='random',
            train_cameras_sampling_seed=42,
            fps_reset_every=100,
            eval_num_lidars_to_sample_from=-1,
            eval_num_times_to_repeat_lidars=-1,
            eval_lidar_indices=(0,),
            cache_lidars='gpu',
            downsample_factor=1,
            paint_points=True,
            paint_points_topk=2,
            train_lidar_only=False,
            train_image_only=False
        ),
        model=SplatADModelConfig(
            _target=<class 'nerfstudio.models.splatad.SplatADModel'>,
            enable_collider=True,
            collider_params={'near_plane': 2.0, 'far_plane': 6.0},
            loss_coefficients={'rgb_loss_coarse': 1.0, 'rgb_loss_fine': 1.0},
            eval_num_rays_per_chunk=4096,
            prompt=None,
            rgb_upsample_factor=1,
            dynamic_actors=DynamicActorsConfig(
                _target=<class 'nerfstudio.model_components.dynamic_actors.DynamicActors'>,
                optimize_trajectories=True,
                actor_bbox_padding=(0.25, 0.25, 0.1)
            ),
            camera_optimizer=CameraOptimizerConfig(
                _target=<class 'nerfstudio.cameras.camera_optimizers.CameraOptimizer'>,
                mode='off',
                trans_l2_penalty=0.01,
                rot_l2_penalty=0.001,
                optimizer=None,
                scheduler=None
            ),
            use_camopt_in_eval=False,
            warmup_length=500,
            refine_every=100,
            resolution_schedule=3000,
            background_color='random',
            num_downscales=2,
            strategy='mcmc',
            cull_alpha_thresh=0.1,
            cull_scale_thresh=500.0,
            continue_cull_post_densification=True,
            reset_alpha_every=30,
            densify_grad_thresh=0.0006,
            densify_size_thresh=0.5,
            n_split_samples=2,
            cull_screen_size=0.15,
            split_screen_size=0.05,
            stop_screen_size_at=4000,
            use_absgrad=True,
            mcmc_cap_max=5000000,
            mcmc_noise_lr=500000.0,
            mcmc_min_opacity=0.005,
            verbose=True,
            max_steps=30001,
            init_opacities=0.5,
            init_scale=0.2,
            max_num_seed_points=2000000,
            ssim_lambda=0.2,
            stop_split_at=15000,
            mcmc_scale_reg_lambda=0.001,
            mcmc_opacity_reg_lambda=0.005,
            output_depth_during_training=False,
            rasterize_mode='antialiased',
            camera_velocity_optimizer=CameraVelocityOptimizerConfig(
                _target=<class 'nerfstudio.cameras.camera_optimizers.CameraVelocityOptimizer'>,
                enabled=True,
                zero_initial_velocities=False,
                linear_l2_penalty=1e-06,
                angular_l2_penalty=1e-05
            ),
            feature_dim=13,
            appearance_dim=8,
            implementation='tcnn',
            actor_flip_probability=0.5,
            flip_actors_at_init=True,
            n_far_points=300000,
            depth_lambda=0.1,
            depth_loss_quantile_threshold=0.95,
            intensity_lambda=1.0,
            ray_drop_lambda=0.1,
            compensate_rs_camera=True,
            compensate_rs_lidar=True,
            radius_clip_pix=0.0,
            radius_clip_lidar=0.0,
            line_of_sight_lambda=0.1,
            line_of_sight_dist=0.8,
            min_points_per_actor=500,
            rgb_decoder_hidden_dim=32,
            rgb_decoder_kernel_size=3,
            rgb_decoder_num_hidden_blocks=1
        ),
        calc_fid_steps=(30000,)
    ),
    optimizers={
        'means': {
            'optimizer': AdamOptimizerConfig(
                _target=<class 'torch.optim.adam.Adam'>,
                lr=0.00016,
                eps=1e-15,
                max_norm=None,
                weight_decay=0
            ),
            'scheduler': ExponentialDecaySchedulerConfig(
                _target=<class 'nerfstudio.engine.schedulers.ExponentialDecayScheduler'>,
                lr_pre_warmup=1e-08,
                lr_final=1.6e-06,
                warmup_steps=0,
                max_steps=30000,
                ramp='cosine'
            )
        },
        'features_dc': {
            'optimizer': AdamOptimizerConfig(
                _target=<class 'torch.optim.adam.Adam'>,
                lr=0.0025,
                eps=1e-15,
                max_norm=None,
                weight_decay=0
            ),
            'scheduler': None
        },
        'features_rest': {
            'optimizer': AdamOptimizerConfig(
                _target=<class 'torch.optim.adam.Adam'>,
                lr=0.0025,
                eps=1e-15,
                max_norm=None,
                weight_decay=0
            ),
            'scheduler': None
        },
        'opacities': {
            'optimizer': AdamOptimizerConfig(
                _target=<class 'torch.optim.adam.Adam'>,
                lr=0.05,
                eps=1e-15,
                max_norm=None,
                weight_decay=0
            ),
            'scheduler': None
        },
        'scales': {
            'optimizer': AdamOptimizerConfig(
                _target=<class 'torch.optim.adam.Adam'>,
                lr=0.005,
                eps=1e-15,
                max_norm=None,
                weight_decay=0
            ),
            'scheduler': None
        },
        'quats': {
            'optimizer': AdamOptimizerConfig(
                _target=<class 'torch.optim.adam.Adam'>,
                lr=0.001,
                eps=1e-15,
                max_norm=None,
                weight_decay=0
            ),
            'scheduler': None
        },
        'camera_opt': {
            'optimizer': AdamOptimizerConfig(
                _target=<class 'torch.optim.adam.Adam'>,
                lr=0.0001,
                eps=1e-15,
                max_norm=None,
                weight_decay=0
            ),
            'scheduler': ExponentialDecaySchedulerConfig(
                _target=<class 'nerfstudio.engine.schedulers.ExponentialDecayScheduler'>,
                lr_pre_warmup=1e-08,
                lr_final=5e-07,
                warmup_steps=0,
                max_steps=30000,
                ramp='cosine'
            )
        },
        'camera_velocity_opt_linear': {
            'optimizer': AdamOptimizerConfig(
                _target=<class 'torch.optim.adam.Adam'>,
                lr=0.001,
                eps=1e-15,
                max_norm=None,
                weight_decay=0
            ),
            'scheduler': ExponentialDecaySchedulerConfig(
                _target=<class 'nerfstudio.engine.schedulers.ExponentialDecayScheduler'>,
                lr_pre_warmup=0,
                lr_final=1e-06,
                warmup_steps=1000,
                max_steps=30000,
                ramp='cosine'
            )
        },
        'camera_velocity_opt_angular': {
            'optimizer': AdamOptimizerConfig(
                _target=<class 'torch.optim.adam.Adam'>,
                lr=0.0002,
                eps=1e-15,
                max_norm=None,
                weight_decay=0
            ),
            'scheduler': ExponentialDecaySchedulerConfig(
                _target=<class 'nerfstudio.engine.schedulers.ExponentialDecayScheduler'>,
                lr_pre_warmup=0,
                lr_final=1e-07,
                warmup_steps=1000,
                max_steps=30000,
                ramp='cosine'
            )
        },
        'camera_velocity_opt_time_to_center_pixel': {
            'optimizer': AdamOptimizerConfig(
                _target=<class 'torch.optim.adam.Adam'>,
                lr=0.0002,
                eps=1e-15,
                max_norm=None,
                weight_decay=0
            ),
            'scheduler': ExponentialDecaySchedulerConfig(
                _target=<class 'nerfstudio.engine.schedulers.ExponentialDecayScheduler'>,
                lr_pre_warmup=0,
                lr_final=1e-07,
                warmup_steps=10000,
                max_steps=30000,
                ramp='cosine'
            )
        },
        'trajectory_opt': {
            'optimizer': AdamOptimizerConfig(
                _target=<class 'torch.optim.adam.Adam'>,
                lr=0.001,
                eps=1e-15,
                max_norm=None,
                weight_decay=0
            ),
            'scheduler': ExponentialDecaySchedulerConfig(
                _target=<class 'nerfstudio.engine.schedulers.ExponentialDecayScheduler'>,
                lr_pre_warmup=1e-08,
                lr_final=0.0001,
                warmup_steps=2500,
                max_steps=20001,
                ramp='cosine'
            )
        },
        'fields': {
            'optimizer': AdamOptimizerConfig(
                _target=<class 'torch.optim.adam.Adam'>,
                lr=0.001,
                eps=1e-15,
                max_norm=None,
                weight_decay=1e-06
            ),
            'scheduler': ExponentialDecaySchedulerConfig(
                _target=<class 'nerfstudio.engine.schedulers.ExponentialDecayScheduler'>,
                lr_pre_warmup=1e-08,
                lr_final=0.001,
                warmup_steps=500,
                max_steps=20001,
                ramp='cosine'
            )
        }
    },
    vis='tensorboard',
    data=None,
    prompt=None,
    relative_model_dir=WindowsPath('nerfstudio_models'),
    load_scheduler=True,
    load_optimizer=True,
    steps_per_save=3000,
    steps_per_eval_batch=0,
    steps_per_eval_image=500,
    steps_per_eval_all_images=2500,
    max_num_iterations=3000,
    mixed_precision=False,
    use_grad_scaler=False,
    save_only_latest_checkpoint=True,
    checkpoint_saving_tracker=MetricTrackerConfig(
        _target=<class 'nerfstudio.engine.trainer.MetricTracker'>,
        metric=None,
        higher_is_better=True,
        margin=0.05
    ),
    early_stopping_tracker=MetricTrackerConfig(
        _target=<class 'nerfstudio.engine.trainer.MetricTracker'>,
        metric=None,
        higher_is_better=True,
        margin=0.1
    ),
    load_dir=None,
    load_step=None,
    load_config=None,
    load_checkpoint=None,
    training_start_step=None,
    log_gradients=False,
    gradient_accumulation_steps={}
)
────────────────────────────────────────────────────────────────────────────────────────────────────────────────────────
[13:20:04] Saving config to:                                                                    experiment_config.py:139
           C:\codex\outputs\training\intermediate_3000\splatad\2026-09-26_051956_834730Z\config                         
           .yml                                                                                                         
c:\codex\third_party\neurad-studio\nerfstudio\engine\trainer.py:189: FutureWarning: `torch.cuda.amp.GradScaler(args...)` is deprecated. Please use `torch.amp.GradScaler('cuda', args...)` instead.
  self.grad_scaler = GradScaler(enabled=self.use_grad_scaler)
           Saving checkpoints to:                                                                         trainer.py:194
           C:\codex\outputs\training\intermediate_3000\splatad\2026-09-26_051956_834730Z\nerfstudio_model               
           s                                                                                                            
[13:20:49] Painting lidar points                                                    full_images_lidar_datamanager.py:121
           Caching / undistorting train images                                            full_images_datamanager.py:240
c:\codex\third_party\neurad-studio\nerfstudio\data\datamanagers\full_images_datamanager.py:214: UserWarning: The size of image (1920, 1080) loaded does not match the camera parameters (1920, 820).The image will be cropped after distortion correction.
  warnings.warn(

[13:20:51] Caching train lidars                                                     full_images_lidar_datamanager.py:298

No Nerfstudio checkpoint to load, so training from scratch.
logging events to: C:\codex\outputs\training\intermediate_3000\splatad\2026-09-26_051956_834730Z
c:\codex\third_party\neurad-studio\nerfstudio\models\splatad.py:860: UserWarning: Using torch.cross without specifying the dim arg is deprecated.
Please either pass the dim explicitly or simply use torch.linalg.cross.
The default value of dim will change to agree with that of linalg.cross in a future release. (Triggered internally at C:\actions-runner\_work\pytorch\pytorch\pytorch\aten\src\ATen\native\Cross.cpp:66.)
  angle_vel_in_box = torch.cross(
C:\anconda\envs\3dgs\lib\site-packages\torch\utils\cpp_extension.py:446: UserWarning: Error checking compiler version for cl: 'cp1' codec can't decode bytes in position 0--1: No mapping for the Unicode character exists in the target code page.
  warnings.warn(f'Error checking compiler version for {compiler}: {error}')
C:\anconda\envs\3dgs\lib\site-packages\torch\utils\cpp_extension.py:2356: UserWarning: TORCH_CUDA_ARCH_LIST is not set, all archs for visible cards are included for compilation. 
If this is not desired, please set os.environ['TORCH_CUDA_ARCH_LIST'].
  warnings.warn(
[13:21:11] Printing max of 10 lines. Set flag --logging.local-writer.max-log-size=0 to disable line        writer.py:449
           wrapping.                                                                                                    
Step (% Done)       Train Iter (time)    ETA (time)           
--------------------------------------------------------------

[2A[1K
Step (% Done)       Train Iter (time)    ETA (time)            [0m
-------------------------------------------------------------- [0m
0 (0.00%)           2 s, 706.433 ms      2 h, 15 m, 19 s       [0m
c:\codex\third_party\neurad-studio\nerfstudio\models\splatad.py:1334: UserWarning: GT image and predicted image have different shapes. Cropping GT image to match.
  warnings.warn("GT image and predicted image have different shapes. Cropping GT image to match.")
c:\codex\third_party\neurad-studio\nerfstudio\models\splatad.py:1371: UserWarning: GT image and predicted image have different shapes. Cropping GT image to match.
  warnings.warn("GT image and predicted image have different shapes. Cropping GT image to match.")

[3A[1K
Step (% Done)       Train Iter (time)    ETA (time)           Train Rays / Sec      [0m
----------------------------------------------------------------------------------- [0m
0 (0.00%)           2 s, 706.433 ms      2 h, 15 m, 19 s                            [0m
10 (0.33%)          318.462 ms           15 m, 52 s           40.14 M               [0m

[4A[1K
Step (% Done)       Train Iter (time)    ETA (time)           Train Rays / Sec      [0m
----------------------------------------------------------------------------------- [0m
0 (0.00%)           2 s, 706.433 ms      2 h, 15 m, 19 s                            [0m
10 (0.33%)          318.462 ms           15 m, 52 s           40.14 M               [0m
20 (0.67%)          67.223 ms            3 m, 20 s            45.61 M               [0m

[5A[1K
Step (% Done)       Train Iter (time)    ETA (time)           Train Rays / Sec      [0m
----------------------------------------------------------------------------------- [0m
0 (0.00%)           2 s, 706.433 ms      2 h, 15 m, 19 s                            [0m
10 (0.33%)          318.462 ms           15 m, 52 s           40.14 M               [0m
20 (0.67%)          67.223 ms            3 m, 20 s            45.61 M               [0m
30 (1.00%)          53.481 ms            2 m, 38 s            48.44 M               [0m

[6A[1K
Step (% Done)       Train Iter (time)    ETA (time)           Train Rays / Sec      [0m
----------------------------------------------------------------------------------- [0m
0 (0.00%)           2 s, 706.433 ms      2 h, 15 m, 19 s                            [0m
10 (0.33%)          318.462 ms           15 m, 52 s           40.14 M               [0m
20 (0.67%)          67.223 ms            3 m, 20 s            45.61 M               [0m
30 (1.00%)          53.481 ms            2 m, 38 s            48.44 M               [0m
40 (1.33%)          62.920 ms            3 m, 6 s             44.17 M               [0m

[7A[1K
Step (% Done)       Train Iter (time)    ETA (time)           Train Rays / Sec      [0m
----------------------------------------------------------------------------------- [0m
0 (0.00%)           2 s, 706.433 ms      2 h, 15 m, 19 s                            [0m
10 (0.33%)          318.462 ms           15 m, 52 s           40.14 M               [0m
20 (0.67%)          67.223 ms            3 m, 20 s            45.61 M               [0m
30 (1.00%)          53.481 ms            2 m, 38 s            48.44 M               [0m
40 (1.33%)          62.920 ms            3 m, 6 s             44.17 M               [0m
50 (1.67%)          63.762 ms            3 m, 8 s             41.58 M               [0m

[8A[1K
Step (% Done)       Train Iter (time)    ETA (time)           Train Rays / Sec      [0m
----------------------------------------------------------------------------------- [0m
0 (0.00%)           2 s, 706.433 ms      2 h, 15 m, 19 s                            [0m
10 (0.33%)          318.462 ms           15 m, 52 s           40.14 M               [0m
20 (0.67%)          67.223 ms            3 m, 20 s            45.61 M               [0m
30 (1.00%)          53.481 ms            2 m, 38 s            48.44 M               [0m
40 (1.33%)          62.920 ms            3 m, 6 s             44.17 M               [0m
50 (1.67%)          63.762 ms            3 m, 8 s             41.58 M               [0m
60 (2.00%)          65.336 ms            3 m, 12 s            39.06 M               [0m

[9A[1K
Step (% Done)       Train Iter (time)    ETA (time)           Train Rays / Sec      [0m
----------------------------------------------------------------------------------- [0m
0 (0.00%)           2 s, 706.433 ms      2 h, 15 m, 19 s                            [0m
10 (0.33%)          318.462 ms           15 m, 52 s           40.14 M               [0m
20 (0.67%)          67.223 ms            3 m, 20 s            45.61 M               [0m
30 (1.00%)          53.481 ms            2 m, 38 s            48.44 M               [0m
40 (1.33%)          62.920 ms            3 m, 6 s             44.17 M               [0m
50 (1.67%)          63.762 ms            3 m, 8 s             41.58 M               [0m
60 (2.00%)          65.336 ms            3 m, 12 s            39.06 M               [0m
70 (2.33%)          62.780 ms            3 m, 3 s             47.39 M               [0m

[10A[1K
Step (% Done)       Train Iter (time)    ETA (time)           Train Rays / Sec      [0m
----------------------------------------------------------------------------------- [0m
0 (0.00%)           2 s, 706.433 ms      2 h, 15 m, 19 s                            [0m
10 (0.33%)          318.462 ms           15 m, 52 s           40.14 M               [0m
20 (0.67%)          67.223 ms            3 m, 20 s            45.61 M               [0m
30 (1.00%)          53.481 ms            2 m, 38 s            48.44 M               [0m
40 (1.33%)          62.920 ms            3 m, 6 s             44.17 M               [0m
50 (1.67%)          63.762 ms            3 m, 8 s             41.58 M               [0m
60 (2.00%)          65.336 ms            3 m, 12 s            39.06 M               [0m
70 (2.33%)          62.780 ms            3 m, 3 s             47.39 M               [0m
80 (2.67%)          60.185 ms            2 m, 55 s            51.97 M               [0m

[11A[1K
Step (% Done)       Train Iter (time)    ETA (time)           Train Rays / Sec      [0m
----------------------------------------------------------------------------------- [0m
0 (0.00%)           2 s, 706.433 ms      2 h, 15 m, 19 s                            [0m
10 (0.33%)          318.462 ms           15 m, 52 s           40.14 M               [0m
20 (0.67%)          67.223 ms            3 m, 20 s            45.61 M               [0m
30 (1.00%)          53.481 ms            2 m, 38 s            48.44 M               [0m
40 (1.33%)          62.920 ms            3 m, 6 s             44.17 M               [0m
50 (1.67%)          63.762 ms            3 m, 8 s             41.58 M               [0m
60 (2.00%)          65.336 ms            3 m, 12 s            39.06 M               [0m
70 (2.33%)          62.780 ms            3 m, 3 s             47.39 M               [0m
80 (2.67%)          60.185 ms            2 m, 55 s            51.97 M               [0m
90 (3.00%)          70.652 ms            3 m, 25 s            47.50 M               [0m

[12A[1K
Step (% Done)       Train Iter (time)    ETA (time)           Train Rays / Sec      [0m
----------------------------------------------------------------------------------- [0m
10 (0.33%)          318.462 ms           15 m, 52 s           40.14 M               [0m
20 (0.67%)          67.223 ms            3 m, 20 s            45.61 M               [0m
30 (1.00%)          53.481 ms            2 m, 38 s            48.44 M               [0m
40 (1.33%)          62.920 ms            3 m, 6 s             44.17 M               [0m
50 (1.67%)          63.762 ms            3 m, 8 s             41.58 M               [0m
60 (2.00%)          65.336 ms            3 m, 12 s            39.06 M               [0m
70 (2.33%)          62.780 ms            3 m, 3 s             47.39 M               [0m
80 (2.67%)          60.185 ms            2 m, 55 s            51.97 M               [0m
90 (3.00%)          70.652 ms            3 m, 25 s            47.50 M               [0m
100 (3.33%)         57.236 ms            2 m, 45 s            48.20 M               [0m

[12A[1K
Step (% Done)       Train Iter (time)    ETA (time)           Train Rays / Sec      [0m
----------------------------------------------------------------------------------- [0m
20 (0.67%)          67.223 ms            3 m, 20 s            45.61 M               [0m
30 (1.00%)          53.481 ms            2 m, 38 s            48.44 M               [0m
40 (1.33%)          62.920 ms            3 m, 6 s             44.17 M               [0m
50 (1.67%)          63.762 ms            3 m, 8 s             41.58 M               [0m
60 (2.00%)          65.336 ms            3 m, 12 s            39.06 M               [0m
70 (2.33%)          62.780 ms            3 m, 3 s             47.39 M               [0m
80 (2.67%)          60.185 ms            2 m, 55 s            51.97 M               [0m
90 (3.00%)          70.652 ms            3 m, 25 s            47.50 M               [0m
100 (3.33%)         57.236 ms            2 m, 45 s            48.20 M               [0m
110 (3.67%)         50.062 ms            2 m, 24 s            49.67 M               [0m

[12A[1K
Step (% Done)       Train Iter (time)    ETA (time)           Train Rays / Sec      [0m
----------------------------------------------------------------------------------- [0m
30 (1.00%)          53.481 ms            2 m, 38 s            48.44 M               [0m
40 (1.33%)          62.920 ms            3 m, 6 s             44.17 M               [0m
50 (1.67%)          63.762 ms            3 m, 8 s             41.58 M               [0m
60 (2.00%)          65.336 ms            3 m, 12 s            39.06 M               [0m
70 (2.33%)          62.780 ms            3 m, 3 s             47.39 M               [0m
80 (2.67%)          60.185 ms            2 m, 55 s            51.97 M               [0m
90 (3.00%)          70.652 ms            3 m, 25 s            47.50 M               [0m
100 (3.33%)         57.236 ms            2 m, 45 s            48.20 M               [0m
110 (3.67%)         50.062 ms            2 m, 24 s            49.67 M               [0m
120 (4.00%)         57.692 ms            2 m, 46 s            49.52 M               [0m

[12A[1K
Step (% Done)       Train Iter (time)    ETA (time)           Train Rays / Sec      [0m
----------------------------------------------------------------------------------- [0m
40 (1.33%)          62.920 ms            3 m, 6 s             44.17 M               [0m
50 (1.67%)          63.762 ms            3 m, 8 s             41.58 M               [0m
60 (2.00%)          65.336 ms            3 m, 12 s            39.06 M               [0m
70 (2.33%)          62.780 ms            3 m, 3 s             47.39 M               [0m
80 (2.67%)          60.185 ms            2 m, 55 s            51.97 M               [0m
90 (3.00%)          70.652 ms            3 m, 25 s            47.50 M               [0m
100 (3.33%)         57.236 ms            2 m, 45 s            48.20 M               [0m
110 (3.67%)         50.062 ms            2 m, 24 s            49.67 M               [0m
120 (4.00%)         57.692 ms            2 m, 46 s            49.52 M               [0m
130 (4.33%)         54.260 ms            2 m, 35 s            51.08 M               [0m

[12A[1K
Step (% Done)       Train Iter (time)    ETA (time)           Train Rays / Sec      [0m
----------------------------------------------------------------------------------- [0m
50 (1.67%)          63.762 ms            3 m, 8 s             41.58 M               [0m
60 (2.00%)          65.336 ms            3 m, 12 s            39.06 M               [0m
70 (2.33%)          62.780 ms            3 m, 3 s             47.39 M               [0m
80 (2.67%)          60.185 ms            2 m, 55 s            51.97 M               [0m
90 (3.00%)          70.652 ms            3 m, 25 s            47.50 M               [0m
100 (3.33%)         57.236 ms            2 m, 45 s            48.20 M               [0m
110 (3.67%)         50.062 ms            2 m, 24 s            49.67 M               [0m
120 (4.00%)         57.692 ms            2 m, 46 s            49.52 M               [0m
130 (4.33%)         54.260 ms            2 m, 35 s            51.08 M               [0m
140 (4.67%)         48.937 ms            2 m, 19 s            54.13 M               [0m

[12A[1K
Step (% Done)       Train Iter (time)    ETA (time)           Train Rays / Sec      [0m
----------------------------------------------------------------------------------- [0m
60 (2.00%)          65.336 ms            3 m, 12 s            39.06 M               [0m
70 (2.33%)          62.780 ms            3 m, 3 s             47.39 M               [0m
80 (2.67%)          60.185 ms            2 m, 55 s            51.97 M               [0m
90 (3.00%)          70.652 ms            3 m, 25 s            47.50 M               [0m
100 (3.33%)         57.236 ms            2 m, 45 s            48.20 M               [0m
110 (3.67%)         50.062 ms            2 m, 24 s            49.67 M               [0m
120 (4.00%)         57.692 ms            2 m, 46 s            49.52 M               [0m
130 (4.33%)         54.260 ms            2 m, 35 s            51.08 M               [0m
140 (4.67%)         48.937 ms            2 m, 19 s            54.13 M               [0m
150 (5.00%)         56.701 ms            2 m, 41 s            52.57 M               [0m

[12A[1K
Step (% Done)       Train Iter (time)    ETA (time)           Train Rays / Sec      [0m
----------------------------------------------------------------------------------- [0m
70 (2.33%)          62.780 ms            3 m, 3 s             47.39 M               [0m
80 (2.67%)          60.185 ms            2 m, 55 s            51.97 M               [0m
90 (3.00%)          70.652 ms            3 m, 25 s            47.50 M               [0m
100 (3.33%)         57.236 ms            2 m, 45 s            48.20 M               [0m
110 (3.67%)         50.062 ms            2 m, 24 s            49.67 M               [0m
120 (4.00%)         57.692 ms            2 m, 46 s            49.52 M               [0m
130 (4.33%)         54.260 ms            2 m, 35 s            51.08 M               [0m
140 (4.67%)         48.937 ms            2 m, 19 s            54.13 M               [0m
150 (5.00%)         56.701 ms            2 m, 41 s            52.57 M               [0m
160 (5.33%)         56.673 ms            2 m, 40 s            49.94 M               [0m

[12A[1K
Step (% Done)       Train Iter (time)    ETA (time)           Train Rays / Sec      [0m
----------------------------------------------------------------------------------- [0m
80 (2.67%)          60.185 ms            2 m, 55 s            51.97 M               [0m
90 (3.00%)          70.652 ms            3 m, 25 s            47.50 M               [0m
100 (3.33%)         57.236 ms            2 m, 45 s            48.20 M               [0m
110 (3.67%)         50.062 ms            2 m, 24 s            49.67 M               [0m
120 (4.00%)         57.692 ms            2 m, 46 s            49.52 M               [0m
130 (4.33%)         54.260 ms            2 m, 35 s            51.08 M               [0m
140 (4.67%)         48.937 ms            2 m, 19 s            54.13 M               [0m
150 (5.00%)         56.701 ms            2 m, 41 s            52.57 M               [0m
160 (5.33%)         56.673 ms            2 m, 40 s            49.94 M               [0m
170 (5.67%)         56.869 ms            2 m, 40 s            46.52 M               [0m

[12A[1K
Step (% Done)       Train Iter (time)    ETA (time)           Train Rays / Sec      [0m
----------------------------------------------------------------------------------- [0m
90 (3.00%)          70.652 ms            3 m, 25 s            47.50 M               [0m
100 (3.33%)         57.236 ms            2 m, 45 s            48.20 M               [0m
110 (3.67%)         50.062 ms            2 m, 24 s            49.67 M               [0m
120 (4.00%)         57.692 ms            2 m, 46 s            49.52 M               [0m
130 (4.33%)         54.260 ms            2 m, 35 s            51.08 M               [0m
140 (4.67%)         48.937 ms            2 m, 19 s            54.13 M               [0m
150 (5.00%)         56.701 ms            2 m, 41 s            52.57 M               [0m
160 (5.33%)         56.673 ms            2 m, 40 s            49.94 M               [0m
170 (5.67%)         56.869 ms            2 m, 40 s            46.52 M               [0m
180 (6.00%)         53.567 ms            2 m, 31 s            48.66 M               [0m

[12A[1K
Step (% Done)       Train Iter (time)    ETA (time)           Train Rays / Sec      [0m
----------------------------------------------------------------------------------- [0m
100 (3.33%)         57.236 ms            2 m, 45 s            48.20 M               [0m
110 (3.67%)         50.062 ms            2 m, 24 s            49.67 M               [0m
120 (4.00%)         57.692 ms            2 m, 46 s            49.52 M               [0m
130 (4.33%)         54.260 ms            2 m, 35 s            51.08 M               [0m
140 (4.67%)         48.937 ms            2 m, 19 s            54.13 M               [0m
150 (5.00%)         56.701 ms            2 m, 41 s            52.57 M               [0m
160 (5.33%)         56.673 ms            2 m, 40 s            49.94 M               [0m
170 (5.67%)         56.869 ms            2 m, 40 s            46.52 M               [0m
180 (6.00%)         53.567 ms            2 m, 31 s            48.66 M               [0m
190 (6.33%)         43.832 ms            2 m, 3 s             54.15 M               [0m

[12A[1K
Step (% Done)       Train Iter (time)    ETA (time)           Train Rays / Sec      [0m
----------------------------------------------------------------------------------- [0m
110 (3.67%)         50.062 ms            2 m, 24 s            49.67 M               [0m
120 (4.00%)         57.692 ms            2 m, 46 s            49.52 M               [0m
130 (4.33%)         54.260 ms            2 m, 35 s            51.08 M               [0m
140 (4.67%)         48.937 ms            2 m, 19 s            54.13 M               [0m
150 (5.00%)         56.701 ms            2 m, 41 s            52.57 M               [0m
160 (5.33%)         56.673 ms            2 m, 40 s            49.94 M               [0m
170 (5.67%)         56.869 ms            2 m, 40 s            46.52 M               [0m
180 (6.00%)         53.567 ms            2 m, 31 s            48.66 M               [0m
190 (6.33%)         43.832 ms            2 m, 3 s             54.15 M               [0m
200 (6.67%)         56.457 ms            2 m, 38 s            51.85 M               [0m

[12A[1K
Step (% Done)       Train Iter (time)    ETA (time)           Train Rays / Sec      [0m
----------------------------------------------------------------------------------- [0m
120 (4.00%)         57.692 ms            2 m, 46 s            49.52 M               [0m
130 (4.33%)         54.260 ms            2 m, 35 s            51.08 M               [0m
140 (4.67%)         48.937 ms            2 m, 19 s            54.13 M               [0m
150 (5.00%)         56.701 ms            2 m, 41 s            52.57 M               [0m
160 (5.33%)         56.673 ms            2 m, 40 s            49.94 M               [0m
170 (5.67%)         56.869 ms            2 m, 40 s            46.52 M               [0m
180 (6.00%)         53.567 ms            2 m, 31 s            48.66 M               [0m
190 (6.33%)         43.832 ms            2 m, 3 s             54.15 M               [0m
200 (6.67%)         56.457 ms            2 m, 38 s            51.85 M               [0m
210 (7.00%)         67.969 ms            3 m, 9 s             46.62 M               [0m

[12A[1K
Step (% Done)       Train Iter (time)    ETA (time)           Train Rays / Sec      [0m
----------------------------------------------------------------------------------- [0m
130 (4.33%)         54.260 ms            2 m, 35 s            51.08 M               [0m
140 (4.67%)         48.937 ms            2 m, 19 s            54.13 M               [0m
150 (5.00%)         56.701 ms            2 m, 41 s            52.57 M               [0m
160 (5.33%)         56.673 ms            2 m, 40 s            49.94 M               [0m
170 (5.67%)         56.869 ms            2 m, 40 s            46.52 M               [0m
180 (6.00%)         53.567 ms            2 m, 31 s            48.66 M               [0m
190 (6.33%)         43.832 ms            2 m, 3 s             54.15 M               [0m
200 (6.67%)         56.457 ms            2 m, 38 s            51.85 M               [0m
210 (7.00%)         67.969 ms            3 m, 9 s             46.62 M               [0m
220 (7.33%)         65.270 ms            3 m, 1 s             46.36 M               [0m

[12A[1K
Step (% Done)       Train Iter (time)    ETA (time)           Train Rays / Sec      [0m
----------------------------------------------------------------------------------- [0m
140 (4.67%)         48.937 ms            2 m, 19 s            54.13 M               [0m
150 (5.00%)         56.701 ms            2 m, 41 s            52.57 M               [0m
160 (5.33%)         56.673 ms            2 m, 40 s            49.94 M               [0m
170 (5.67%)         56.869 ms            2 m, 40 s            46.52 M               [0m
180 (6.00%)         53.567 ms            2 m, 31 s            48.66 M               [0m
190 (6.33%)         43.832 ms            2 m, 3 s             54.15 M               [0m
200 (6.67%)         56.457 ms            2 m, 38 s            51.85 M               [0m
210 (7.00%)         67.969 ms            3 m, 9 s             46.62 M               [0m
220 (7.33%)         65.270 ms            3 m, 1 s             46.36 M               [0m
230 (7.67%)         67.675 ms            3 m, 7 s             49.41 M               [0m

[12A[1K
Step (% Done)       Train Iter (time)    ETA (time)           Train Rays / Sec      [0m
----------------------------------------------------------------------------------- [0m
150 (5.00%)         56.701 ms            2 m, 41 s            52.57 M               [0m
160 (5.33%)         56.673 ms            2 m, 40 s            49.94 M               [0m
170 (5.67%)         56.869 ms            2 m, 40 s            46.52 M               [0m
180 (6.00%)         53.567 ms            2 m, 31 s            48.66 M               [0m
190 (6.33%)         43.832 ms            2 m, 3 s             54.15 M               [0m
200 (6.67%)         56.457 ms            2 m, 38 s            51.85 M               [0m
210 (7.00%)         67.969 ms            3 m, 9 s             46.62 M               [0m
220 (7.33%)         65.270 ms            3 m, 1 s             46.36 M               [0m
230 (7.67%)         67.675 ms            3 m, 7 s             49.41 M               [0m
240 (8.00%)         73.170 ms            3 m, 21 s            47.99 M               [0m

[12A[1K
Step (% Done)       Train Iter (time)    ETA (time)           Train Rays / Sec      [0m
----------------------------------------------------------------------------------- [0m
160 (5.33%)         56.673 ms            2 m, 40 s            49.94 M               [0m
170 (5.67%)         56.869 ms            2 m, 40 s            46.52 M               [0m
180 (6.00%)         53.567 ms            2 m, 31 s            48.66 M               [0m
190 (6.33%)         43.832 ms            2 m, 3 s             54.15 M               [0m
200 (6.67%)         56.457 ms            2 m, 38 s            51.85 M               [0m
210 (7.00%)         67.969 ms            3 m, 9 s             46.62 M               [0m
220 (7.33%)         65.270 ms            3 m, 1 s             46.36 M               [0m
230 (7.67%)         67.675 ms            3 m, 7 s             49.41 M               [0m
240 (8.00%)         73.170 ms            3 m, 21 s            47.99 M               [0m
250 (8.33%)         65.860 ms            3 m, 1 s             45.67 M               [0m

[12A[1K
Step (% Done)       Train Iter (time)    ETA (time)           Train Rays / Sec      [0m
----------------------------------------------------------------------------------- [0m
170 (5.67%)         56.869 ms            2 m, 40 s            46.52 M               [0m
180 (6.00%)         53.567 ms            2 m, 31 s            48.66 M               [0m
190 (6.33%)         43.832 ms            2 m, 3 s             54.15 M               [0m
200 (6.67%)         56.457 ms            2 m, 38 s            51.85 M               [0m
210 (7.00%)         67.969 ms            3 m, 9 s             46.62 M               [0m
220 (7.33%)         65.270 ms            3 m, 1 s             46.36 M               [0m
230 (7.67%)         67.675 ms            3 m, 7 s             49.41 M               [0m
240 (8.00%)         73.170 ms            3 m, 21 s            47.99 M               [0m
250 (8.33%)         65.860 ms            3 m, 1 s             45.67 M               [0m
260 (8.67%)         79.638 ms            3 m, 38 s            41.96 M               [0m

[12A[1K
Step (% Done)       Train Iter (time)    ETA (time)           Train Rays / Sec      [0m
----------------------------------------------------------------------------------- [0m
180 (6.00%)         53.567 ms            2 m, 31 s            48.66 M               [0m
190 (6.33%)         43.832 ms            2 m, 3 s             54.15 M               [0m
200 (6.67%)         56.457 ms            2 m, 38 s            51.85 M               [0m
210 (7.00%)         67.969 ms            3 m, 9 s             46.62 M               [0m
220 (7.33%)         65.270 ms            3 m, 1 s             46.36 M               [0m
230 (7.67%)         67.675 ms            3 m, 7 s             49.41 M               [0m
240 (8.00%)         73.170 ms            3 m, 21 s            47.99 M               [0m
250 (8.33%)         65.860 ms            3 m, 1 s             45.67 M               [0m
260 (8.67%)         79.638 ms            3 m, 38 s            41.96 M               [0m
270 (9.00%)         89.749 ms            4 m, 5 s             39.44 M               [0m

[12A[1K
Step (% Done)       Train Iter (time)    ETA (time)           Train Rays / Sec      [0m
----------------------------------------------------------------------------------- [0m
190 (6.33%)         43.832 ms            2 m, 3 s             54.15 M               [0m
200 (6.67%)         56.457 ms            2 m, 38 s            51.85 M               [0m
210 (7.00%)         67.969 ms            3 m, 9 s             46.62 M               [0m
220 (7.33%)         65.270 ms            3 m, 1 s             46.36 M               [0m
230 (7.67%)         67.675 ms            3 m, 7 s             49.41 M               [0m
240 (8.00%)         73.170 ms            3 m, 21 s            47.99 M               [0m
250 (8.33%)         65.860 ms            3 m, 1 s             45.67 M               [0m
260 (8.67%)         79.638 ms            3 m, 38 s            41.96 M               [0m
270 (9.00%)         89.749 ms            4 m, 5 s             39.44 M               [0m
280 (9.33%)         67.309 ms            3 m, 3 s             43.25 M               [0m

[12A[1K
Step (% Done)       Train Iter (time)    ETA (time)           Train Rays / Sec      [0m
----------------------------------------------------------------------------------- [0m
200 (6.67%)         56.457 ms            2 m, 38 s            51.85 M               [0m
210 (7.00%)         67.969 ms            3 m, 9 s             46.62 M               [0m
220 (7.33%)         65.270 ms            3 m, 1 s             46.36 M               [0m
230 (7.67%)         67.675 ms            3 m, 7 s             49.41 M               [0m
240 (8.00%)         73.170 ms            3 m, 21 s            47.99 M               [0m
250 (8.33%)         65.860 ms            3 m, 1 s             45.67 M               [0m
260 (8.67%)         79.638 ms            3 m, 38 s            41.96 M               [0m
270 (9.00%)         89.749 ms            4 m, 5 s             39.44 M               [0m
280 (9.33%)         67.309 ms            3 m, 3 s             43.25 M               [0m
290 (9.67%)         60.144 ms            2 m, 42 s            46.60 M               [0m

[12A[1K
Step (% Done)       Train Iter (time)    ETA (time)           Train Rays / Sec      [0m
----------------------------------------------------------------------------------- [0m
210 (7.00%)         67.969 ms            3 m, 9 s             46.62 M               [0m
220 (7.33%)         65.270 ms            3 m, 1 s             46.36 M               [0m
230 (7.67%)         67.675 ms            3 m, 7 s             49.41 M               [0m
240 (8.00%)         73.170 ms            3 m, 21 s            47.99 M               [0m
250 (8.33%)         65.860 ms            3 m, 1 s             45.67 M               [0m
260 (8.67%)         79.638 ms            3 m, 38 s            41.96 M               [0m
270 (9.00%)         89.749 ms            4 m, 5 s             39.44 M               [0m
280 (9.33%)         67.309 ms            3 m, 3 s             43.25 M               [0m
290 (9.67%)         60.144 ms            2 m, 42 s            46.60 M               [0m
300 (10.00%)        54.990 ms            2 m, 28 s            49.50 M               [0m

[12A[1K
Step (% Done)       Train Iter (time)    ETA (time)           Train Rays / Sec      [0m
----------------------------------------------------------------------------------- [0m
220 (7.33%)         65.270 ms            3 m, 1 s             46.36 M               [0m
230 (7.67%)         67.675 ms            3 m, 7 s             49.41 M               [0m
240 (8.00%)         73.170 ms            3 m, 21 s            47.99 M               [0m
250 (8.33%)         65.860 ms            3 m, 1 s             45.67 M               [0m
260 (8.67%)         79.638 ms            3 m, 38 s            41.96 M               [0m
270 (9.00%)         89.749 ms            4 m, 5 s             39.44 M               [0m
280 (9.33%)         67.309 ms            3 m, 3 s             43.25 M               [0m
290 (9.67%)         60.144 ms            2 m, 42 s            46.60 M               [0m
300 (10.00%)        54.990 ms            2 m, 28 s            49.50 M               [0m
310 (10.33%)        73.689 ms            3 m, 18 s            44.00 M               [0m

[12A[1K
Step (% Done)       Train Iter (time)    ETA (time)           Train Rays / Sec      [0m
----------------------------------------------------------------------------------- [0m
230 (7.67%)         67.675 ms            3 m, 7 s             49.41 M               [0m
240 (8.00%)         73.170 ms            3 m, 21 s            47.99 M               [0m
250 (8.33%)         65.860 ms            3 m, 1 s             45.67 M               [0m
260 (8.67%)         79.638 ms            3 m, 38 s            41.96 M               [0m
270 (9.00%)         89.749 ms            4 m, 5 s             39.44 M               [0m
280 (9.33%)         67.309 ms            3 m, 3 s             43.25 M               [0m
290 (9.67%)         60.144 ms            2 m, 42 s            46.60 M               [0m
300 (10.00%)        54.990 ms            2 m, 28 s            49.50 M               [0m
310 (10.33%)        73.689 ms            3 m, 18 s            44.00 M               [0m
320 (10.67%)        82.485 ms            3 m, 41 s            38.51 M               [0m

[12A[1K
Step (% Done)       Train Iter (time)    ETA (time)           Train Rays / Sec      [0m
----------------------------------------------------------------------------------- [0m
240 (8.00%)         73.170 ms            3 m, 21 s            47.99 M               [0m
250 (8.33%)         65.860 ms            3 m, 1 s             45.67 M               [0m
260 (8.67%)         79.638 ms            3 m, 38 s            41.96 M               [0m
270 (9.00%)         89.749 ms            4 m, 5 s             39.44 M               [0m
280 (9.33%)         67.309 ms            3 m, 3 s             43.25 M               [0m
290 (9.67%)         60.144 ms            2 m, 42 s            46.60 M               [0m
300 (10.00%)        54.990 ms            2 m, 28 s            49.50 M               [0m
310 (10.33%)        73.689 ms            3 m, 18 s            44.00 M               [0m
320 (10.67%)        82.485 ms            3 m, 41 s            38.51 M               [0m
330 (11.00%)        51.459 ms            2 m, 17 s            47.62 M               [0m

[12A[1K
Step (% Done)       Train Iter (time)    ETA (time)           Train Rays / Sec      [0m
----------------------------------------------------------------------------------- [0m
250 (8.33%)         65.860 ms            3 m, 1 s             45.67 M               [0m
260 (8.67%)         79.638 ms            3 m, 38 s            41.96 M               [0m
270 (9.00%)         89.749 ms            4 m, 5 s             39.44 M               [0m
280 (9.33%)         67.309 ms            3 m, 3 s             43.25 M               [0m
290 (9.67%)         60.144 ms            2 m, 42 s            46.60 M               [0m
300 (10.00%)        54.990 ms            2 m, 28 s            49.50 M               [0m
310 (10.33%)        73.689 ms            3 m, 18 s            44.00 M               [0m
320 (10.67%)        82.485 ms            3 m, 41 s            38.51 M               [0m
330 (11.00%)        51.459 ms            2 m, 17 s            47.62 M               [0m
340 (11.33%)        57.297 ms            2 m, 32 s            51.74 M               [0m

[12A[1K
Step (% Done)       Train Iter (time)    ETA (time)           Train Rays / Sec      [0m
----------------------------------------------------------------------------------- [0m
260 (8.67%)         79.638 ms            3 m, 38 s            41.96 M               [0m
270 (9.00%)         89.749 ms            4 m, 5 s             39.44 M               [0m
280 (9.33%)         67.309 ms            3 m, 3 s             43.25 M               [0m
290 (9.67%)         60.144 ms            2 m, 42 s            46.60 M               [0m
300 (10.00%)        54.990 ms            2 m, 28 s            49.50 M               [0m
310 (10.33%)        73.689 ms            3 m, 18 s            44.00 M               [0m
320 (10.67%)        82.485 ms            3 m, 41 s            38.51 M               [0m
330 (11.00%)        51.459 ms            2 m, 17 s            47.62 M               [0m
340 (11.33%)        57.297 ms            2 m, 32 s            51.74 M               [0m
350 (11.67%)        81.431 ms            3 m, 35 s            41.57 M               [0m

[12A[1K
Step (% Done)       Train Iter (time)    ETA (time)           Train Rays / Sec      [0m
----------------------------------------------------------------------------------- [0m
270 (9.00%)         89.749 ms            4 m, 5 s             39.44 M               [0m
280 (9.33%)         67.309 ms            3 m, 3 s             43.25 M               [0m
290 (9.67%)         60.144 ms            2 m, 42 s            46.60 M               [0m
300 (10.00%)        54.990 ms            2 m, 28 s            49.50 M               [0m
310 (10.33%)        73.689 ms            3 m, 18 s            44.00 M               [0m
320 (10.67%)        82.485 ms            3 m, 41 s            38.51 M               [0m
330 (11.00%)        51.459 ms            2 m, 17 s            47.62 M               [0m
340 (11.33%)        57.297 ms            2 m, 32 s            51.74 M               [0m
350 (11.67%)        81.431 ms            3 m, 35 s            41.57 M               [0m
360 (12.00%)        74.499 ms            3 m, 16 s            39.59 M               [0m

[12A[1K
Step (% Done)       Train Iter (time)    ETA (time)           Train Rays / Sec      [0m
----------------------------------------------------------------------------------- [0m
280 (9.33%)         67.309 ms            3 m, 3 s             43.25 M               [0m
290 (9.67%)         60.144 ms            2 m, 42 s            46.60 M               [0m
300 (10.00%)        54.990 ms            2 m, 28 s            49.50 M               [0m
310 (10.33%)        73.689 ms            3 m, 18 s            44.00 M               [0m
320 (10.67%)        82.485 ms            3 m, 41 s            38.51 M               [0m
330 (11.00%)        51.459 ms            2 m, 17 s            47.62 M               [0m
340 (11.33%)        57.297 ms            2 m, 32 s            51.74 M               [0m
350 (11.67%)        81.431 ms            3 m, 35 s            41.57 M               [0m
360 (12.00%)        74.499 ms            3 m, 16 s            39.59 M               [0m
370 (12.33%)        67.507 ms            2 m, 57 s            47.13 M               [0m

[12A[1K
Step (% Done)       Train Iter (time)    ETA (time)           Train Rays / Sec      [0m
----------------------------------------------------------------------------------- [0m
290 (9.67%)         60.144 ms            2 m, 42 s            46.60 M               [0m
300 (10.00%)        54.990 ms            2 m, 28 s            49.50 M               [0m
310 (10.33%)        73.689 ms            3 m, 18 s            44.00 M               [0m
320 (10.67%)        82.485 ms            3 m, 41 s            38.51 M               [0m
330 (11.00%)        51.459 ms            2 m, 17 s            47.62 M               [0m
340 (11.33%)        57.297 ms            2 m, 32 s            51.74 M               [0m
350 (11.67%)        81.431 ms            3 m, 35 s            41.57 M               [0m
360 (12.00%)        74.499 ms            3 m, 16 s            39.59 M               [0m
370 (12.33%)        67.507 ms            2 m, 57 s            47.13 M               [0m
380 (12.67%)        79.839 ms            3 m, 29 s            46.03 M               [0m

[12A[1K
Step (% Done)       Train Iter (time)    ETA (time)           Train Rays / Sec      [0m
----------------------------------------------------------------------------------- [0m
300 (10.00%)        54.990 ms            2 m, 28 s            49.50 M               [0m
310 (10.33%)        73.689 ms            3 m, 18 s            44.00 M               [0m
320 (10.67%)        82.485 ms            3 m, 41 s            38.51 M               [0m
330 (11.00%)        51.459 ms            2 m, 17 s            47.62 M               [0m
340 (11.33%)        57.297 ms            2 m, 32 s            51.74 M               [0m
350 (11.67%)        81.431 ms            3 m, 35 s            41.57 M               [0m
360 (12.00%)        74.499 ms            3 m, 16 s            39.59 M               [0m
370 (12.33%)        67.507 ms            2 m, 57 s            47.13 M               [0m
380 (12.67%)        79.839 ms            3 m, 29 s            46.03 M               [0m
390 (13.00%)        85.980 ms            3 m, 44 s            39.51 M               [0m

[12A[1K
Step (% Done)       Train Iter (time)    ETA (time)           Train Rays / Sec      [0m
----------------------------------------------------------------------------------- [0m
310 (10.33%)        73.689 ms            3 m, 18 s            44.00 M               [0m
320 (10.67%)        82.485 ms            3 m, 41 s            38.51 M               [0m
330 (11.00%)        51.459 ms            2 m, 17 s            47.62 M               [0m
340 (11.33%)        57.297 ms            2 m, 32 s            51.74 M               [0m
350 (11.67%)        81.431 ms            3 m, 35 s            41.57 M               [0m
360 (12.00%)        74.499 ms            3 m, 16 s            39.59 M               [0m
370 (12.33%)        67.507 ms            2 m, 57 s            47.13 M               [0m
380 (12.67%)        79.839 ms            3 m, 29 s            46.03 M               [0m
390 (13.00%)        85.980 ms            3 m, 44 s            39.51 M               [0m
400 (13.33%)        68.383 ms            2 m, 57 s            42.00 M               [0m

[12A[1K
Step (% Done)       Train Iter (time)    ETA (time)           Train Rays / Sec      [0m
----------------------------------------------------------------------------------- [0m
320 (10.67%)        82.485 ms            3 m, 41 s            38.51 M               [0m
330 (11.00%)        51.459 ms            2 m, 17 s            47.62 M               [0m
340 (11.33%)        57.297 ms            2 m, 32 s            51.74 M               [0m
350 (11.67%)        81.431 ms            3 m, 35 s            41.57 M               [0m
360 (12.00%)        74.499 ms            3 m, 16 s            39.59 M               [0m
370 (12.33%)        67.507 ms            2 m, 57 s            47.13 M               [0m
380 (12.67%)        79.839 ms            3 m, 29 s            46.03 M               [0m
390 (13.00%)        85.980 ms            3 m, 44 s            39.51 M               [0m
400 (13.33%)        68.383 ms            2 m, 57 s            42.00 M               [0m
410 (13.67%)        53.519 ms            2 m, 18 s            48.50 M               [0m

[12A[1K
Step (% Done)       Train Iter (time)    ETA (time)           Train Rays / Sec      [0m
----------------------------------------------------------------------------------- [0m
330 (11.00%)        51.459 ms            2 m, 17 s            47.62 M               [0m
340 (11.33%)        57.297 ms            2 m, 32 s            51.74 M               [0m
350 (11.67%)        81.431 ms            3 m, 35 s            41.57 M               [0m
360 (12.00%)        74.499 ms            3 m, 16 s            39.59 M               [0m
370 (12.33%)        67.507 ms            2 m, 57 s            47.13 M               [0m
380 (12.67%)        79.839 ms            3 m, 29 s            46.03 M               [0m
390 (13.00%)        85.980 ms            3 m, 44 s            39.51 M               [0m
400 (13.33%)        68.383 ms            2 m, 57 s            42.00 M               [0m
410 (13.67%)        53.519 ms            2 m, 18 s            48.50 M               [0m
420 (14.00%)        56.452 ms            2 m, 25 s            51.73 M               [0m

[12A[1K
Step (% Done)       Train Iter (time)    ETA (time)           Train Rays / Sec      [0m
----------------------------------------------------------------------------------- [0m
340 (11.33%)        57.297 ms            2 m, 32 s            51.74 M               [0m
350 (11.67%)        81.431 ms            3 m, 35 s            41.57 M               [0m
360 (12.00%)        74.499 ms            3 m, 16 s            39.59 M               [0m
370 (12.33%)        67.507 ms            2 m, 57 s            47.13 M               [0m
380 (12.67%)        79.839 ms            3 m, 29 s            46.03 M               [0m
390 (13.00%)        85.980 ms            3 m, 44 s            39.51 M               [0m
400 (13.33%)        68.383 ms            2 m, 57 s            42.00 M               [0m
410 (13.67%)        53.519 ms            2 m, 18 s            48.50 M               [0m
420 (14.00%)        56.452 ms            2 m, 25 s            51.73 M               [0m
430 (14.33%)        61.927 ms            2 m, 39 s            47.87 M               [0m

[12A[1K
Step (% Done)       Train Iter (time)    ETA (time)           Train Rays / Sec      [0m
----------------------------------------------------------------------------------- [0m
350 (11.67%)        81.431 ms            3 m, 35 s            41.57 M               [0m
360 (12.00%)        74.499 ms            3 m, 16 s            39.59 M               [0m
370 (12.33%)        67.507 ms            2 m, 57 s            47.13 M               [0m
380 (12.67%)        79.839 ms            3 m, 29 s            46.03 M               [0m
390 (13.00%)        85.980 ms            3 m, 44 s            39.51 M               [0m
400 (13.33%)        68.383 ms            2 m, 57 s            42.00 M               [0m
410 (13.67%)        53.519 ms            2 m, 18 s            48.50 M               [0m
420 (14.00%)        56.452 ms            2 m, 25 s            51.73 M               [0m
430 (14.33%)        61.927 ms            2 m, 39 s            47.87 M               [0m
440 (14.67%)        57.503 ms            2 m, 27 s            46.20 M               [0m

[12A[1K
Step (% Done)       Train Iter (time)    ETA (time)           Train Rays / Sec      [0m
----------------------------------------------------------------------------------- [0m
360 (12.00%)        74.499 ms            3 m, 16 s            39.59 M               [0m
370 (12.33%)        67.507 ms            2 m, 57 s            47.13 M               [0m
380 (12.67%)        79.839 ms            3 m, 29 s            46.03 M               [0m
390 (13.00%)        85.980 ms            3 m, 44 s            39.51 M               [0m
400 (13.33%)        68.383 ms            2 m, 57 s            42.00 M               [0m
410 (13.67%)        53.519 ms            2 m, 18 s            48.50 M               [0m
420 (14.00%)        56.452 ms            2 m, 25 s            51.73 M               [0m
430 (14.33%)        61.927 ms            2 m, 39 s            47.87 M               [0m
440 (14.67%)        57.503 ms            2 m, 27 s            46.20 M               [0m
450 (15.00%)        58.315 ms            2 m, 28 s            44.80 M               [0m

[12A[1K
Step (% Done)       Train Iter (time)    ETA (time)           Train Rays / Sec      [0m
----------------------------------------------------------------------------------- [0m
370 (12.33%)        67.507 ms            2 m, 57 s            47.13 M               [0m
380 (12.67%)        79.839 ms            3 m, 29 s            46.03 M               [0m
390 (13.00%)        85.980 ms            3 m, 44 s            39.51 M               [0m
400 (13.33%)        68.383 ms            2 m, 57 s            42.00 M               [0m
410 (13.67%)        53.519 ms            2 m, 18 s            48.50 M               [0m
420 (14.00%)        56.452 ms            2 m, 25 s            51.73 M               [0m
430 (14.33%)        61.927 ms            2 m, 39 s            47.87 M               [0m
440 (14.67%)        57.503 ms            2 m, 27 s            46.20 M               [0m
450 (15.00%)        58.315 ms            2 m, 28 s            44.80 M               [0m
460 (15.33%)        60.858 ms            2 m, 34 s            42.16 M               [0m

[12A[1K
Step (% Done)       Train Iter (time)    ETA (time)           Train Rays / Sec      [0m
----------------------------------------------------------------------------------- [0m
380 (12.67%)        79.839 ms            3 m, 29 s            46.03 M               [0m
390 (13.00%)        85.980 ms            3 m, 44 s            39.51 M               [0m
400 (13.33%)        68.383 ms            2 m, 57 s            42.00 M               [0m
410 (13.67%)        53.519 ms            2 m, 18 s            48.50 M               [0m
420 (14.00%)        56.452 ms            2 m, 25 s            51.73 M               [0m
430 (14.33%)        61.927 ms            2 m, 39 s            47.87 M               [0m
440 (14.67%)        57.503 ms            2 m, 27 s            46.20 M               [0m
450 (15.00%)        58.315 ms            2 m, 28 s            44.80 M               [0m
460 (15.33%)        60.858 ms            2 m, 34 s            42.16 M               [0m
470 (15.67%)        55.244 ms            2 m, 19 s            44.43 M               [0m

[12A[1K
Step (% Done)       Train Iter (time)    ETA (time)           Train Rays / Sec      [0m
----------------------------------------------------------------------------------- [0m
390 (13.00%)        85.980 ms            3 m, 44 s            39.51 M               [0m
400 (13.33%)        68.383 ms            2 m, 57 s            42.00 M               [0m
410 (13.67%)        53.519 ms            2 m, 18 s            48.50 M               [0m
420 (14.00%)        56.452 ms            2 m, 25 s            51.73 M               [0m
430 (14.33%)        61.927 ms            2 m, 39 s            47.87 M               [0m
440 (14.67%)        57.503 ms            2 m, 27 s            46.20 M               [0m
450 (15.00%)        58.315 ms            2 m, 28 s            44.80 M               [0m
460 (15.33%)        60.858 ms            2 m, 34 s            42.16 M               [0m
470 (15.67%)        55.244 ms            2 m, 19 s            44.43 M               [0m
480 (16.00%)        75.984 ms            3 m, 11 s            44.60 M               [0m

[12A[1K
Step (% Done)       Train Iter (time)    ETA (time)           Train Rays / Sec      [0m
----------------------------------------------------------------------------------- [0m
400 (13.33%)        68.383 ms            2 m, 57 s            42.00 M               [0m
410 (13.67%)        53.519 ms            2 m, 18 s            48.50 M               [0m
420 (14.00%)        56.452 ms            2 m, 25 s            51.73 M               [0m
430 (14.33%)        61.927 ms            2 m, 39 s            47.87 M               [0m
440 (14.67%)        57.503 ms            2 m, 27 s            46.20 M               [0m
450 (15.00%)        58.315 ms            2 m, 28 s            44.80 M               [0m
460 (15.33%)        60.858 ms            2 m, 34 s            42.16 M               [0m
470 (15.67%)        55.244 ms            2 m, 19 s            44.43 M               [0m
480 (16.00%)        75.984 ms            3 m, 11 s            44.60 M               [0m
490 (16.33%)        79.534 ms            3 m, 19 s            40.89 M               [0m
[13:21:45] Caching / undistorting eval images                                             full_images_datamanager.py:240
c:\codex\third_party\neurad-studio\nerfstudio\data\datamanagers\full_images_datamanager.py:214: UserWarning: The size of image (1920, 1080) loaded does not match the camera parameters (1920, 820).The image will be cropped after distortion correction.
  warnings.warn(

[13:21:47] Caching eval lidars                                                      full_images_lidar_datamanager.py:298


[12A[1K
Step (% Done)       Train Iter (time)    ETA (time)           Train Rays / Sec     Test Rays / Sec       [0m
-------------------------------------------------------------------------------------------------------- [0m
410 (13.67%)        53.519 ms            2 m, 18 s            48.50 M                                    [0m
420 (14.00%)        56.452 ms            2 m, 25 s            51.73 M                                    [0m
430 (14.33%)        61.927 ms            2 m, 39 s            47.87 M                                    [0m
440 (14.67%)        57.503 ms            2 m, 27 s            46.20 M                                    [0m
450 (15.00%)        58.315 ms            2 m, 28 s            44.80 M                                    [0m
460 (15.33%)        60.858 ms            2 m, 34 s            42.16 M                                    [0m
470 (15.67%)        55.244 ms            2 m, 19 s            44.43 M                                    [0m
480 (16.00%)        75.984 ms            3 m, 11 s            44.60 M                                    [0m
490 (16.33%)        79.534 ms            3 m, 19 s            40.89 M                                    [0m
500 (16.67%)        61.774 ms            2 m, 34 s            42.28 M              361.23 K              [0m

[12A[1K
Step (% Done)       Train Iter (time)    ETA (time)           Train Rays / Sec     Test Rays / Sec       [0m
-------------------------------------------------------------------------------------------------------- [0m
420 (14.00%)        56.452 ms            2 m, 25 s            51.73 M                                    [0m
430 (14.33%)        61.927 ms            2 m, 39 s            47.87 M                                    [0m
440 (14.67%)        57.503 ms            2 m, 27 s            46.20 M                                    [0m
450 (15.00%)        58.315 ms            2 m, 28 s            44.80 M                                    [0m
460 (15.33%)        60.858 ms            2 m, 34 s            42.16 M                                    [0m
470 (15.67%)        55.244 ms            2 m, 19 s            44.43 M                                    [0m
480 (16.00%)        75.984 ms            3 m, 11 s            44.60 M                                    [0m
490 (16.33%)        79.534 ms            3 m, 19 s            40.89 M                                    [0m
500 (16.67%)        61.774 ms            2 m, 34 s            42.28 M              361.23 K              [0m
510 (17.00%)        90.990 ms            3 m, 46 s            42.47 M                                    [0m

[12A[1K
Step (% Done)       Train Iter (time)    ETA (time)           Train Rays / Sec     Test Rays / Sec       [0m
-------------------------------------------------------------------------------------------------------- [0m
430 (14.33%)        61.927 ms            2 m, 39 s            47.87 M                                    [0m
440 (14.67%)        57.503 ms            2 m, 27 s            46.20 M                                    [0m
450 (15.00%)        58.315 ms            2 m, 28 s            44.80 M                                    [0m
460 (15.33%)        60.858 ms            2 m, 34 s            42.16 M                                    [0m
470 (15.67%)        55.244 ms            2 m, 19 s            44.43 M                                    [0m
480 (16.00%)        75.984 ms            3 m, 11 s            44.60 M                                    [0m
490 (16.33%)        79.534 ms            3 m, 19 s            40.89 M                                    [0m
500 (16.67%)        61.774 ms            2 m, 34 s            42.28 M              361.23 K              [0m
510 (17.00%)        90.990 ms            3 m, 46 s            42.47 M                                    [0m
520 (17.33%)        103.078 ms           4 m, 15 s            41.21 M                                    [0m

[12A[1K
Step (% Done)       Train Iter (time)    ETA (time)           Train Rays / Sec     Test Rays / Sec       [0m
-------------------------------------------------------------------------------------------------------- [0m
440 (14.67%)        57.503 ms            2 m, 27 s            46.20 M                                    [0m
450 (15.00%)        58.315 ms            2 m, 28 s            44.80 M                                    [0m
460 (15.33%)        60.858 ms            2 m, 34 s            42.16 M                                    [0m
470 (15.67%)        55.244 ms            2 m, 19 s            44.43 M                                    [0m
480 (16.00%)        75.984 ms            3 m, 11 s            44.60 M                                    [0m
490 (16.33%)        79.534 ms            3 m, 19 s            40.89 M                                    [0m
500 (16.67%)        61.774 ms            2 m, 34 s            42.28 M              361.23 K              [0m
510 (17.00%)        90.990 ms            3 m, 46 s            42.47 M                                    [0m
520 (17.33%)        103.078 ms           4 m, 15 s            41.21 M                                    [0m
530 (17.67%)        81.532 ms            3 m, 21 s            43.74 M                                    [0m

[12A[1K
Step (% Done)       Train Iter (time)    ETA (time)           Train Rays / Sec     Test Rays / Sec       [0m
-------------------------------------------------------------------------------------------------------- [0m
450 (15.00%)        58.315 ms            2 m, 28 s            44.80 M                                    [0m
460 (15.33%)        60.858 ms            2 m, 34 s            42.16 M                                    [0m
470 (15.67%)        55.244 ms            2 m, 19 s            44.43 M                                    [0m
480 (16.00%)        75.984 ms            3 m, 11 s            44.60 M                                    [0m
490 (16.33%)        79.534 ms            3 m, 19 s            40.89 M                                    [0m
500 (16.67%)        61.774 ms            2 m, 34 s            42.28 M              361.23 K              [0m
510 (17.00%)        90.990 ms            3 m, 46 s            42.47 M                                    [0m
520 (17.33%)        103.078 ms           4 m, 15 s            41.21 M                                    [0m
530 (17.67%)        81.532 ms            3 m, 21 s            43.74 M                                    [0m
540 (18.00%)        76.675 ms            3 m, 8 s             42.78 M                                    [0m

[12A[1K
Step (% Done)       Train Iter (time)    ETA (time)           Train Rays / Sec     Test Rays / Sec       [0m
-------------------------------------------------------------------------------------------------------- [0m
460 (15.33%)        60.858 ms            2 m, 34 s            42.16 M                                    [0m
470 (15.67%)        55.244 ms            2 m, 19 s            44.43 M                                    [0m
480 (16.00%)        75.984 ms            3 m, 11 s            44.60 M                                    [0m
490 (16.33%)        79.534 ms            3 m, 19 s            40.89 M                                    [0m
500 (16.67%)        61.774 ms            2 m, 34 s            42.28 M              361.23 K              [0m
510 (17.00%)        90.990 ms            3 m, 46 s            42.47 M                                    [0m
520 (17.33%)        103.078 ms           4 m, 15 s            41.21 M                                    [0m
530 (17.67%)        81.532 ms            3 m, 21 s            43.74 M                                    [0m
540 (18.00%)        76.675 ms            3 m, 8 s             42.78 M                                    [0m
550 (18.33%)        74.655 ms            3 m, 2 s             41.16 M                                    [0m

[12A[1K
Step (% Done)       Train Iter (time)    ETA (time)           Train Rays / Sec     Test Rays / Sec       [0m
-------------------------------------------------------------------------------------------------------- [0m
470 (15.67%)        55.244 ms            2 m, 19 s            44.43 M                                    [0m
480 (16.00%)        75.984 ms            3 m, 11 s            44.60 M                                    [0m
490 (16.33%)        79.534 ms            3 m, 19 s            40.89 M                                    [0m
500 (16.67%)        61.774 ms            2 m, 34 s            42.28 M              361.23 K              [0m
510 (17.00%)        90.990 ms            3 m, 46 s            42.47 M                                    [0m
520 (17.33%)        103.078 ms           4 m, 15 s            41.21 M                                    [0m
530 (17.67%)        81.532 ms            3 m, 21 s            43.74 M                                    [0m
540 (18.00%)        76.675 ms            3 m, 8 s             42.78 M                                    [0m
550 (18.33%)        74.655 ms            3 m, 2 s             41.16 M                                    [0m
560 (18.67%)        74.341 ms            3 m, 1 s             40.43 M                                    [0m

[12A[1K
Step (% Done)       Train Iter (time)    ETA (time)           Train Rays / Sec     Test Rays / Sec       [0m
-------------------------------------------------------------------------------------------------------- [0m
480 (16.00%)        75.984 ms            3 m, 11 s            44.60 M                                    [0m
490 (16.33%)        79.534 ms            3 m, 19 s            40.89 M                                    [0m
500 (16.67%)        61.774 ms            2 m, 34 s            42.28 M              361.23 K              [0m
510 (17.00%)        90.990 ms            3 m, 46 s            42.47 M                                    [0m
520 (17.33%)        103.078 ms           4 m, 15 s            41.21 M                                    [0m
530 (17.67%)        81.532 ms            3 m, 21 s            43.74 M                                    [0m
540 (18.00%)        76.675 ms            3 m, 8 s             42.78 M                                    [0m
550 (18.33%)        74.655 ms            3 m, 2 s             41.16 M                                    [0m
560 (18.67%)        74.341 ms            3 m, 1 s             40.43 M                                    [0m
570 (19.00%)        75.871 ms            3 m, 4 s             38.48 M                                    [0m

[12A[1K
Step (% Done)       Train Iter (time)    ETA (time)           Train Rays / Sec     Test Rays / Sec       [0m
-------------------------------------------------------------------------------------------------------- [0m
490 (16.33%)        79.534 ms            3 m, 19 s            40.89 M                                    [0m
500 (16.67%)        61.774 ms            2 m, 34 s            42.28 M              361.23 K              [0m
510 (17.00%)        90.990 ms            3 m, 46 s            42.47 M                                    [0m
520 (17.33%)        103.078 ms           4 m, 15 s            41.21 M                                    [0m
530 (17.67%)        81.532 ms            3 m, 21 s            43.74 M                                    [0m
540 (18.00%)        76.675 ms            3 m, 8 s             42.78 M                                    [0m
550 (18.33%)        74.655 ms            3 m, 2 s             41.16 M                                    [0m
560 (18.67%)        74.341 ms            3 m, 1 s             40.43 M                                    [0m
570 (19.00%)        75.871 ms            3 m, 4 s             38.48 M                                    [0m
580 (19.33%)        77.230 ms            3 m, 6 s             44.18 M                                    [0m

[12A[1K
Step (% Done)       Train Iter (time)    ETA (time)           Train Rays / Sec     Test Rays / Sec       [0m
-------------------------------------------------------------------------------------------------------- [0m
500 (16.67%)        61.774 ms            2 m, 34 s            42.28 M              361.23 K              [0m
510 (17.00%)        90.990 ms            3 m, 46 s            42.47 M                                    [0m
520 (17.33%)        103.078 ms           4 m, 15 s            41.21 M                                    [0m
530 (17.67%)        81.532 ms            3 m, 21 s            43.74 M                                    [0m
540 (18.00%)        76.675 ms            3 m, 8 s             42.78 M                                    [0m
550 (18.33%)        74.655 ms            3 m, 2 s             41.16 M                                    [0m
560 (18.67%)        74.341 ms            3 m, 1 s             40.43 M                                    [0m
570 (19.00%)        75.871 ms            3 m, 4 s             38.48 M                                    [0m
580 (19.33%)        77.230 ms            3 m, 6 s             44.18 M                                    [0m
590 (19.67%)        82.838 ms            3 m, 19 s            45.38 M                                    [0m
Step 600: Relocated 309327 GSs.
Step 600: Added 130202 GSs. Now having 2734258 GSs.

[12A[1K
Step (% Done)       Train Iter (time)    ETA (time)           Train Rays / Sec     Test Rays / Sec       [0m
-------------------------------------------------------------------------------------------------------- [0m
510 (17.00%)        90.990 ms            3 m, 46 s            42.47 M                                    [0m
520 (17.33%)        103.078 ms           4 m, 15 s            41.21 M                                    [0m
530 (17.67%)        81.532 ms            3 m, 21 s            43.74 M                                    [0m
540 (18.00%)        76.675 ms            3 m, 8 s             42.78 M                                    [0m
550 (18.33%)        74.655 ms            3 m, 2 s             41.16 M                                    [0m
560 (18.67%)        74.341 ms            3 m, 1 s             40.43 M                                    [0m
570 (19.00%)        75.871 ms            3 m, 4 s             38.48 M                                    [0m
580 (19.33%)        77.230 ms            3 m, 6 s             44.18 M                                    [0m
590 (19.67%)        82.838 ms            3 m, 19 s            45.38 M                                    [0m
600 (20.00%)        77.523 ms            3 m, 6 s             42.98 M                                    [0m

[12A[1K
Step (% Done)       Train Iter (time)    ETA (time)           Train Rays / Sec     Test Rays / Sec       [0m
-------------------------------------------------------------------------------------------------------- [0m
520 (17.33%)        103.078 ms           4 m, 15 s            41.21 M                                    [0m
530 (17.67%)        81.532 ms            3 m, 21 s            43.74 M                                    [0m
540 (18.00%)        76.675 ms            3 m, 8 s             42.78 M                                    [0m
550 (18.33%)        74.655 ms            3 m, 2 s             41.16 M                                    [0m
560 (18.67%)        74.341 ms            3 m, 1 s             40.43 M                                    [0m
570 (19.00%)        75.871 ms            3 m, 4 s             38.48 M                                    [0m
580 (19.33%)        77.230 ms            3 m, 6 s             44.18 M                                    [0m
590 (19.67%)        82.838 ms            3 m, 19 s            45.38 M                                    [0m
600 (20.00%)        77.523 ms            3 m, 6 s             42.98 M                                    [0m
610 (20.33%)        76.599 ms            3 m, 3 s             43.03 M                                    [0m

[12A[1K
Step (% Done)       Train Iter (time)    ETA (time)           Train Rays / Sec     Test Rays / Sec       [0m
-------------------------------------------------------------------------------------------------------- [0m
530 (17.67%)        81.532 ms            3 m, 21 s            43.74 M                                    [0m
540 (18.00%)        76.675 ms            3 m, 8 s             42.78 M                                    [0m
550 (18.33%)        74.655 ms            3 m, 2 s             41.16 M                                    [0m
560 (18.67%)        74.341 ms            3 m, 1 s             40.43 M                                    [0m
570 (19.00%)        75.871 ms            3 m, 4 s             38.48 M                                    [0m
580 (19.33%)        77.230 ms            3 m, 6 s             44.18 M                                    [0m
590 (19.67%)        82.838 ms            3 m, 19 s            45.38 M                                    [0m
600 (20.00%)        77.523 ms            3 m, 6 s             42.98 M                                    [0m
610 (20.33%)        76.599 ms            3 m, 3 s             43.03 M                                    [0m
620 (20.67%)        84.270 ms            3 m, 20 s            38.47 M                                    [0m

[12A[1K
Step (% Done)       Train Iter (time)    ETA (time)           Train Rays / Sec     Test Rays / Sec       [0m
-------------------------------------------------------------------------------------------------------- [0m
540 (18.00%)        76.675 ms            3 m, 8 s             42.78 M                                    [0m
550 (18.33%)        74.655 ms            3 m, 2 s             41.16 M                                    [0m
560 (18.67%)        74.341 ms            3 m, 1 s             40.43 M                                    [0m
570 (19.00%)        75.871 ms            3 m, 4 s             38.48 M                                    [0m
580 (19.33%)        77.230 ms            3 m, 6 s             44.18 M                                    [0m
590 (19.67%)        82.838 ms            3 m, 19 s            45.38 M                                    [0m
600 (20.00%)        77.523 ms            3 m, 6 s             42.98 M                                    [0m
610 (20.33%)        76.599 ms            3 m, 3 s             43.03 M                                    [0m
620 (20.67%)        84.270 ms            3 m, 20 s            38.47 M                                    [0m
630 (21.00%)        70.463 ms            2 m, 46 s            41.05 M                                    [0m

[12A[1K
Step (% Done)       Train Iter (time)    ETA (time)           Train Rays / Sec     Test Rays / Sec       [0m
-------------------------------------------------------------------------------------------------------- [0m
550 (18.33%)        74.655 ms            3 m, 2 s             41.16 M                                    [0m
560 (18.67%)        74.341 ms            3 m, 1 s             40.43 M                                    [0m
570 (19.00%)        75.871 ms            3 m, 4 s             38.48 M                                    [0m
580 (19.33%)        77.230 ms            3 m, 6 s             44.18 M                                    [0m
590 (19.67%)        82.838 ms            3 m, 19 s            45.38 M                                    [0m
600 (20.00%)        77.523 ms            3 m, 6 s             42.98 M                                    [0m
610 (20.33%)        76.599 ms            3 m, 3 s             43.03 M                                    [0m
620 (20.67%)        84.270 ms            3 m, 20 s            38.47 M                                    [0m
630 (21.00%)        70.463 ms            2 m, 46 s            41.05 M                                    [0m
640 (21.33%)        70.677 ms            2 m, 46 s            44.67 M                                    [0m

[12A[1K
Step (% Done)       Train Iter (time)    ETA (time)           Train Rays / Sec     Test Rays / Sec       [0m
-------------------------------------------------------------------------------------------------------- [0m
560 (18.67%)        74.341 ms            3 m, 1 s             40.43 M                                    [0m
570 (19.00%)        75.871 ms            3 m, 4 s             38.48 M                                    [0m
580 (19.33%)        77.230 ms            3 m, 6 s             44.18 M                                    [0m
590 (19.67%)        82.838 ms            3 m, 19 s            45.38 M                                    [0m
600 (20.00%)        77.523 ms            3 m, 6 s             42.98 M                                    [0m
610 (20.33%)        76.599 ms            3 m, 3 s             43.03 M                                    [0m
620 (20.67%)        84.270 ms            3 m, 20 s            38.47 M                                    [0m
630 (21.00%)        70.463 ms            2 m, 46 s            41.05 M                                    [0m
640 (21.33%)        70.677 ms            2 m, 46 s            44.67 M                                    [0m
650 (21.67%)        69.644 ms            2 m, 43 s            49.86 M                                    [0m

[12A[1K
Step (% Done)       Train Iter (time)    ETA (time)           Train Rays / Sec     Test Rays / Sec       [0m
-------------------------------------------------------------------------------------------------------- [0m
570 (19.00%)        75.871 ms            3 m, 4 s             38.48 M                                    [0m
580 (19.33%)        77.230 ms            3 m, 6 s             44.18 M                                    [0m
590 (19.67%)        82.838 ms            3 m, 19 s            45.38 M                                    [0m
600 (20.00%)        77.523 ms            3 m, 6 s             42.98 M                                    [0m
610 (20.33%)        76.599 ms            3 m, 3 s             43.03 M                                    [0m
620 (20.67%)        84.270 ms            3 m, 20 s            38.47 M                                    [0m
630 (21.00%)        70.463 ms            2 m, 46 s            41.05 M                                    [0m
640 (21.33%)        70.677 ms            2 m, 46 s            44.67 M                                    [0m
650 (21.67%)        69.644 ms            2 m, 43 s            49.86 M                                    [0m
660 (22.00%)        64.243 ms            2 m, 30 s            45.67 M                                    [0m

[12A[1K
Step (% Done)       Train Iter (time)    ETA (time)           Train Rays / Sec     Test Rays / Sec       [0m
-------------------------------------------------------------------------------------------------------- [0m
580 (19.33%)        77.230 ms            3 m, 6 s             44.18 M                                    [0m
590 (19.67%)        82.838 ms            3 m, 19 s            45.38 M                                    [0m
600 (20.00%)        77.523 ms            3 m, 6 s             42.98 M                                    [0m
610 (20.33%)        76.599 ms            3 m, 3 s             43.03 M                                    [0m
620 (20.67%)        84.270 ms            3 m, 20 s            38.47 M                                    [0m
630 (21.00%)        70.463 ms            2 m, 46 s            41.05 M                                    [0m
640 (21.33%)        70.677 ms            2 m, 46 s            44.67 M                                    [0m
650 (21.67%)        69.644 ms            2 m, 43 s            49.86 M                                    [0m
660 (22.00%)        64.243 ms            2 m, 30 s            45.67 M                                    [0m
670 (22.33%)        83.973 ms            3 m, 15 s            35.64 M                                    [0m

[12A[1K
Step (% Done)       Train Iter (time)    ETA (time)           Train Rays / Sec     Test Rays / Sec       [0m
-------------------------------------------------------------------------------------------------------- [0m
590 (19.67%)        82.838 ms            3 m, 19 s            45.38 M                                    [0m
600 (20.00%)        77.523 ms            3 m, 6 s             42.98 M                                    [0m
610 (20.33%)        76.599 ms            3 m, 3 s             43.03 M                                    [0m
620 (20.67%)        84.270 ms            3 m, 20 s            38.47 M                                    [0m
630 (21.00%)        70.463 ms            2 m, 46 s            41.05 M                                    [0m
640 (21.33%)        70.677 ms            2 m, 46 s            44.67 M                                    [0m
650 (21.67%)        69.644 ms            2 m, 43 s            49.86 M                                    [0m
660 (22.00%)        64.243 ms            2 m, 30 s            45.67 M                                    [0m
670 (22.33%)        83.973 ms            3 m, 15 s            35.64 M                                    [0m
680 (22.67%)        90.742 ms            3 m, 30 s            34.63 M                                    [0m

[12A[1K
Step (% Done)       Train Iter (time)    ETA (time)           Train Rays / Sec     Test Rays / Sec       [0m
-------------------------------------------------------------------------------------------------------- [0m
600 (20.00%)        77.523 ms            3 m, 6 s             42.98 M                                    [0m
610 (20.33%)        76.599 ms            3 m, 3 s             43.03 M                                    [0m
620 (20.67%)        84.270 ms            3 m, 20 s            38.47 M                                    [0m
630 (21.00%)        70.463 ms            2 m, 46 s            41.05 M                                    [0m
640 (21.33%)        70.677 ms            2 m, 46 s            44.67 M                                    [0m
650 (21.67%)        69.644 ms            2 m, 43 s            49.86 M                                    [0m
660 (22.00%)        64.243 ms            2 m, 30 s            45.67 M                                    [0m
670 (22.33%)        83.973 ms            3 m, 15 s            35.64 M                                    [0m
680 (22.67%)        90.742 ms            3 m, 30 s            34.63 M                                    [0m
690 (23.00%)        77.354 ms            2 m, 58 s            43.84 M                                    [0m
Step 700: Relocated 61892 GSs.
Step 700: Added 136712 GSs. Now having 2870970 GSs.

[12A[1K
Step (% Done)       Train Iter (time)    ETA (time)           Train Rays / Sec     Test Rays / Sec       [0m
-------------------------------------------------------------------------------------------------------- [0m
610 (20.33%)        76.599 ms            3 m, 3 s             43.03 M                                    [0m
620 (20.67%)        84.270 ms            3 m, 20 s            38.47 M                                    [0m
630 (21.00%)        70.463 ms            2 m, 46 s            41.05 M                                    [0m
640 (21.33%)        70.677 ms            2 m, 46 s            44.67 M                                    [0m
650 (21.67%)        69.644 ms            2 m, 43 s            49.86 M                                    [0m
660 (22.00%)        64.243 ms            2 m, 30 s            45.67 M                                    [0m
670 (22.33%)        83.973 ms            3 m, 15 s            35.64 M                                    [0m
680 (22.67%)        90.742 ms            3 m, 30 s            34.63 M                                    [0m
690 (23.00%)        77.354 ms            2 m, 58 s            43.84 M                                    [0m
700 (23.33%)        70.560 ms            2 m, 42 s            49.98 M                                    [0m

[12A[1K
Step (% Done)       Train Iter (time)    ETA (time)           Train Rays / Sec     Test Rays / Sec       [0m
-------------------------------------------------------------------------------------------------------- [0m
620 (20.67%)        84.270 ms            3 m, 20 s            38.47 M                                    [0m
630 (21.00%)        70.463 ms            2 m, 46 s            41.05 M                                    [0m
640 (21.33%)        70.677 ms            2 m, 46 s            44.67 M                                    [0m
650 (21.67%)        69.644 ms            2 m, 43 s            49.86 M                                    [0m
660 (22.00%)        64.243 ms            2 m, 30 s            45.67 M                                    [0m
670 (22.33%)        83.973 ms            3 m, 15 s            35.64 M                                    [0m
680 (22.67%)        90.742 ms            3 m, 30 s            34.63 M                                    [0m
690 (23.00%)        77.354 ms            2 m, 58 s            43.84 M                                    [0m
700 (23.33%)        70.560 ms            2 m, 42 s            49.98 M                                    [0m
710 (23.67%)        58.700 ms            2 m, 14 s            46.94 M                                    [0m

[12A[1K
Step (% Done)       Train Iter (time)    ETA (time)           Train Rays / Sec     Test Rays / Sec       [0m
-------------------------------------------------------------------------------------------------------- [0m
630 (21.00%)        70.463 ms            2 m, 46 s            41.05 M                                    [0m
640 (21.33%)        70.677 ms            2 m, 46 s            44.67 M                                    [0m
650 (21.67%)        69.644 ms            2 m, 43 s            49.86 M                                    [0m
660 (22.00%)        64.243 ms            2 m, 30 s            45.67 M                                    [0m
670 (22.33%)        83.973 ms            3 m, 15 s            35.64 M                                    [0m
680 (22.67%)        90.742 ms            3 m, 30 s            34.63 M                                    [0m
690 (23.00%)        77.354 ms            2 m, 58 s            43.84 M                                    [0m
700 (23.33%)        70.560 ms            2 m, 42 s            49.98 M                                    [0m
710 (23.67%)        58.700 ms            2 m, 14 s            46.94 M                                    [0m
720 (24.00%)        51.340 ms            1 m, 57 s            46.49 M                                    [0m

[12A[1K
Step (% Done)       Train Iter (time)    ETA (time)           Train Rays / Sec     Test Rays / Sec       [0m
-------------------------------------------------------------------------------------------------------- [0m
640 (21.33%)        70.677 ms            2 m, 46 s            44.67 M                                    [0m
650 (21.67%)        69.644 ms            2 m, 43 s            49.86 M                                    [0m
660 (22.00%)        64.243 ms            2 m, 30 s            45.67 M                                    [0m
670 (22.33%)        83.973 ms            3 m, 15 s            35.64 M                                    [0m
680 (22.67%)        90.742 ms            3 m, 30 s            34.63 M                                    [0m
690 (23.00%)        77.354 ms            2 m, 58 s            43.84 M                                    [0m
700 (23.33%)        70.560 ms            2 m, 42 s            49.98 M                                    [0m
710 (23.67%)        58.700 ms            2 m, 14 s            46.94 M                                    [0m
720 (24.00%)        51.340 ms            1 m, 57 s            46.49 M                                    [0m
730 (24.33%)        51.751 ms            1 m, 57 s            46.51 M                                    [0m

[12A[1K
Step (% Done)       Train Iter (time)    ETA (time)           Train Rays / Sec     Test Rays / Sec       [0m
-------------------------------------------------------------------------------------------------------- [0m
650 (21.67%)        69.644 ms            2 m, 43 s            49.86 M                                    [0m
660 (22.00%)        64.243 ms            2 m, 30 s            45.67 M                                    [0m
670 (22.33%)        83.973 ms            3 m, 15 s            35.64 M                                    [0m
680 (22.67%)        90.742 ms            3 m, 30 s            34.63 M                                    [0m
690 (23.00%)        77.354 ms            2 m, 58 s            43.84 M                                    [0m
700 (23.33%)        70.560 ms            2 m, 42 s            49.98 M                                    [0m
710 (23.67%)        58.700 ms            2 m, 14 s            46.94 M                                    [0m
720 (24.00%)        51.340 ms            1 m, 57 s            46.49 M                                    [0m
730 (24.33%)        51.751 ms            1 m, 57 s            46.51 M                                    [0m
740 (24.67%)        60.023 ms            2 m, 15 s            46.06 M                                    [0m

[12A[1K
Step (% Done)       Train Iter (time)    ETA (time)           Train Rays / Sec     Test Rays / Sec       [0m
-------------------------------------------------------------------------------------------------------- [0m
660 (22.00%)        64.243 ms            2 m, 30 s            45.67 M                                    [0m
670 (22.33%)        83.973 ms            3 m, 15 s            35.64 M                                    [0m
680 (22.67%)        90.742 ms            3 m, 30 s            34.63 M                                    [0m
690 (23.00%)        77.354 ms            2 m, 58 s            43.84 M                                    [0m
700 (23.33%)        70.560 ms            2 m, 42 s            49.98 M                                    [0m
710 (23.67%)        58.700 ms            2 m, 14 s            46.94 M                                    [0m
720 (24.00%)        51.340 ms            1 m, 57 s            46.49 M                                    [0m
730 (24.33%)        51.751 ms            1 m, 57 s            46.51 M                                    [0m
740 (24.67%)        60.023 ms            2 m, 15 s            46.06 M                                    [0m
750 (25.00%)        74.952 ms            2 m, 48 s            46.73 M                                    [0m

[12A[1K
Step (% Done)       Train Iter (time)    ETA (time)           Train Rays / Sec     Test Rays / Sec       [0m
-------------------------------------------------------------------------------------------------------- [0m
670 (22.33%)        83.973 ms            3 m, 15 s            35.64 M                                    [0m
680 (22.67%)        90.742 ms            3 m, 30 s            34.63 M                                    [0m
690 (23.00%)        77.354 ms            2 m, 58 s            43.84 M                                    [0m
700 (23.33%)        70.560 ms            2 m, 42 s            49.98 M                                    [0m
710 (23.67%)        58.700 ms            2 m, 14 s            46.94 M                                    [0m
720 (24.00%)        51.340 ms            1 m, 57 s            46.49 M                                    [0m
730 (24.33%)        51.751 ms            1 m, 57 s            46.51 M                                    [0m
740 (24.67%)        60.023 ms            2 m, 15 s            46.06 M                                    [0m
750 (25.00%)        74.952 ms            2 m, 48 s            46.73 M                                    [0m
760 (25.33%)        70.934 ms            2 m, 38 s            41.51 M                                    [0m

[12A[1K
Step (% Done)       Train Iter (time)    ETA (time)           Train Rays / Sec     Test Rays / Sec       [0m
-------------------------------------------------------------------------------------------------------- [0m
680 (22.67%)        90.742 ms            3 m, 30 s            34.63 M                                    [0m
690 (23.00%)        77.354 ms            2 m, 58 s            43.84 M                                    [0m
700 (23.33%)        70.560 ms            2 m, 42 s            49.98 M                                    [0m
710 (23.67%)        58.700 ms            2 m, 14 s            46.94 M                                    [0m
720 (24.00%)        51.340 ms            1 m, 57 s            46.49 M                                    [0m
730 (24.33%)        51.751 ms            1 m, 57 s            46.51 M                                    [0m
740 (24.67%)        60.023 ms            2 m, 15 s            46.06 M                                    [0m
750 (25.00%)        74.952 ms            2 m, 48 s            46.73 M                                    [0m
760 (25.33%)        70.934 ms            2 m, 38 s            41.51 M                                    [0m
770 (25.67%)        79.447 ms            2 m, 57 s            38.30 M                                    [0m

[12A[1K
Step (% Done)       Train Iter (time)    ETA (time)           Train Rays / Sec     Test Rays / Sec       [0m
-------------------------------------------------------------------------------------------------------- [0m
690 (23.00%)        77.354 ms            2 m, 58 s            43.84 M                                    [0m
700 (23.33%)        70.560 ms            2 m, 42 s            49.98 M                                    [0m
710 (23.67%)        58.700 ms            2 m, 14 s            46.94 M                                    [0m
720 (24.00%)        51.340 ms            1 m, 57 s            46.49 M                                    [0m
730 (24.33%)        51.751 ms            1 m, 57 s            46.51 M                                    [0m
740 (24.67%)        60.023 ms            2 m, 15 s            46.06 M                                    [0m
750 (25.00%)        74.952 ms            2 m, 48 s            46.73 M                                    [0m
760 (25.33%)        70.934 ms            2 m, 38 s            41.51 M                                    [0m
770 (25.67%)        79.447 ms            2 m, 57 s            38.30 M                                    [0m
780 (26.00%)        89.566 ms            3 m, 18 s            37.96 M                                    [0m

[12A[1K
Step (% Done)       Train Iter (time)    ETA (time)           Train Rays / Sec     Test Rays / Sec       [0m
-------------------------------------------------------------------------------------------------------- [0m
700 (23.33%)        70.560 ms            2 m, 42 s            49.98 M                                    [0m
710 (23.67%)        58.700 ms            2 m, 14 s            46.94 M                                    [0m
720 (24.00%)        51.340 ms            1 m, 57 s            46.49 M                                    [0m
730 (24.33%)        51.751 ms            1 m, 57 s            46.51 M                                    [0m
740 (24.67%)        60.023 ms            2 m, 15 s            46.06 M                                    [0m
750 (25.00%)        74.952 ms            2 m, 48 s            46.73 M                                    [0m
760 (25.33%)        70.934 ms            2 m, 38 s            41.51 M                                    [0m
770 (25.67%)        79.447 ms            2 m, 57 s            38.30 M                                    [0m
780 (26.00%)        89.566 ms            3 m, 18 s            37.96 M                                    [0m
790 (26.33%)        79.687 ms            2 m, 56 s            35.98 M                                    [0m
Step 800: Relocated 84658 GSs.
Step 800: Added 143548 GSs. Now having 3014518 GSs.

[12A[1K
Step (% Done)       Train Iter (time)    ETA (time)           Train Rays / Sec     Test Rays / Sec       [0m
-------------------------------------------------------------------------------------------------------- [0m
710 (23.67%)        58.700 ms            2 m, 14 s            46.94 M                                    [0m
720 (24.00%)        51.340 ms            1 m, 57 s            46.49 M                                    [0m
730 (24.33%)        51.751 ms            1 m, 57 s            46.51 M                                    [0m
740 (24.67%)        60.023 ms            2 m, 15 s            46.06 M                                    [0m
750 (25.00%)        74.952 ms            2 m, 48 s            46.73 M                                    [0m
760 (25.33%)        70.934 ms            2 m, 38 s            41.51 M                                    [0m
770 (25.67%)        79.447 ms            2 m, 57 s            38.30 M                                    [0m
780 (26.00%)        89.566 ms            3 m, 18 s            37.96 M                                    [0m
790 (26.33%)        79.687 ms            2 m, 56 s            35.98 M                                    [0m
800 (26.67%)        79.836 ms            2 m, 55 s            37.49 M                                    [0m

[12A[1K
Step (% Done)       Train Iter (time)    ETA (time)           Train Rays / Sec     Test Rays / Sec       [0m
-------------------------------------------------------------------------------------------------------- [0m
720 (24.00%)        51.340 ms            1 m, 57 s            46.49 M                                    [0m
730 (24.33%)        51.751 ms            1 m, 57 s            46.51 M                                    [0m
740 (24.67%)        60.023 ms            2 m, 15 s            46.06 M                                    [0m
750 (25.00%)        74.952 ms            2 m, 48 s            46.73 M                                    [0m
760 (25.33%)        70.934 ms            2 m, 38 s            41.51 M                                    [0m
770 (25.67%)        79.447 ms            2 m, 57 s            38.30 M                                    [0m
780 (26.00%)        89.566 ms            3 m, 18 s            37.96 M                                    [0m
790 (26.33%)        79.687 ms            2 m, 56 s            35.98 M                                    [0m
800 (26.67%)        79.836 ms            2 m, 55 s            37.49 M                                    [0m
810 (27.00%)        79.050 ms            2 m, 53 s            40.20 M                                    [0m

[12A[1K
Step (% Done)       Train Iter (time)    ETA (time)           Train Rays / Sec     Test Rays / Sec       [0m
-------------------------------------------------------------------------------------------------------- [0m
730 (24.33%)        51.751 ms            1 m, 57 s            46.51 M                                    [0m
740 (24.67%)        60.023 ms            2 m, 15 s            46.06 M                                    [0m
750 (25.00%)        74.952 ms            2 m, 48 s            46.73 M                                    [0m
760 (25.33%)        70.934 ms            2 m, 38 s            41.51 M                                    [0m
770 (25.67%)        79.447 ms            2 m, 57 s            38.30 M                                    [0m
780 (26.00%)        89.566 ms            3 m, 18 s            37.96 M                                    [0m
790 (26.33%)        79.687 ms            2 m, 56 s            35.98 M                                    [0m
800 (26.67%)        79.836 ms            2 m, 55 s            37.49 M                                    [0m
810 (27.00%)        79.050 ms            2 m, 53 s            40.20 M                                    [0m
820 (27.33%)        77.781 ms            2 m, 49 s            41.11 M                                    [0m

[12A[1K
Step (% Done)       Train Iter (time)    ETA (time)           Train Rays / Sec     Test Rays / Sec       [0m
-------------------------------------------------------------------------------------------------------- [0m
740 (24.67%)        60.023 ms            2 m, 15 s            46.06 M                                    [0m
750 (25.00%)        74.952 ms            2 m, 48 s            46.73 M                                    [0m
760 (25.33%)        70.934 ms            2 m, 38 s            41.51 M                                    [0m
770 (25.67%)        79.447 ms            2 m, 57 s            38.30 M                                    [0m
780 (26.00%)        89.566 ms            3 m, 18 s            37.96 M                                    [0m
790 (26.33%)        79.687 ms            2 m, 56 s            35.98 M                                    [0m
800 (26.67%)        79.836 ms            2 m, 55 s            37.49 M                                    [0m
810 (27.00%)        79.050 ms            2 m, 53 s            40.20 M                                    [0m
820 (27.33%)        77.781 ms            2 m, 49 s            41.11 M                                    [0m
830 (27.67%)        84.115 ms            3 m, 2 s             42.85 M                                    [0m

[12A[1K
Step (% Done)       Train Iter (time)    ETA (time)           Train Rays / Sec     Test Rays / Sec       [0m
-------------------------------------------------------------------------------------------------------- [0m
750 (25.00%)        74.952 ms            2 m, 48 s            46.73 M                                    [0m
760 (25.33%)        70.934 ms            2 m, 38 s            41.51 M                                    [0m
770 (25.67%)        79.447 ms            2 m, 57 s            38.30 M                                    [0m
780 (26.00%)        89.566 ms            3 m, 18 s            37.96 M                                    [0m
790 (26.33%)        79.687 ms            2 m, 56 s            35.98 M                                    [0m
800 (26.67%)        79.836 ms            2 m, 55 s            37.49 M                                    [0m
810 (27.00%)        79.050 ms            2 m, 53 s            40.20 M                                    [0m
820 (27.33%)        77.781 ms            2 m, 49 s            41.11 M                                    [0m
830 (27.67%)        84.115 ms            3 m, 2 s             42.85 M                                    [0m
840 (28.00%)        88.088 ms            3 m, 10 s            44.06 M                                    [0m

[12A[1K
Step (% Done)       Train Iter (time)    ETA (time)           Train Rays / Sec     Test Rays / Sec       [0m
-------------------------------------------------------------------------------------------------------- [0m
760 (25.33%)        70.934 ms            2 m, 38 s            41.51 M                                    [0m
770 (25.67%)        79.447 ms            2 m, 57 s            38.30 M                                    [0m
780 (26.00%)        89.566 ms            3 m, 18 s            37.96 M                                    [0m
790 (26.33%)        79.687 ms            2 m, 56 s            35.98 M                                    [0m
800 (26.67%)        79.836 ms            2 m, 55 s            37.49 M                                    [0m
810 (27.00%)        79.050 ms            2 m, 53 s            40.20 M                                    [0m
820 (27.33%)        77.781 ms            2 m, 49 s            41.11 M                                    [0m
830 (27.67%)        84.115 ms            3 m, 2 s             42.85 M                                    [0m
840 (28.00%)        88.088 ms            3 m, 10 s            44.06 M                                    [0m
850 (28.33%)        90.390 ms            3 m, 14 s            41.29 M                                    [0m

[12A[1K
Step (% Done)       Train Iter (time)    ETA (time)           Train Rays / Sec     Test Rays / Sec       [0m
-------------------------------------------------------------------------------------------------------- [0m
770 (25.67%)        79.447 ms            2 m, 57 s            38.30 M                                    [0m
780 (26.00%)        89.566 ms            3 m, 18 s            37.96 M                                    [0m
790 (26.33%)        79.687 ms            2 m, 56 s            35.98 M                                    [0m
800 (26.67%)        79.836 ms            2 m, 55 s            37.49 M                                    [0m
810 (27.00%)        79.050 ms            2 m, 53 s            40.20 M                                    [0m
820 (27.33%)        77.781 ms            2 m, 49 s            41.11 M                                    [0m
830 (27.67%)        84.115 ms            3 m, 2 s             42.85 M                                    [0m
840 (28.00%)        88.088 ms            3 m, 10 s            44.06 M                                    [0m
850 (28.33%)        90.390 ms            3 m, 14 s            41.29 M                                    [0m
860 (28.67%)        89.209 ms            3 m, 10 s            41.61 M                                    [0m

[12A[1K
Step (% Done)       Train Iter (time)    ETA (time)           Train Rays / Sec     Test Rays / Sec       [0m
-------------------------------------------------------------------------------------------------------- [0m
780 (26.00%)        89.566 ms            3 m, 18 s            37.96 M                                    [0m
790 (26.33%)        79.687 ms            2 m, 56 s            35.98 M                                    [0m
800 (26.67%)        79.836 ms            2 m, 55 s            37.49 M                                    [0m
810 (27.00%)        79.050 ms            2 m, 53 s            40.20 M                                    [0m
820 (27.33%)        77.781 ms            2 m, 49 s            41.11 M                                    [0m
830 (27.67%)        84.115 ms            3 m, 2 s             42.85 M                                    [0m
840 (28.00%)        88.088 ms            3 m, 10 s            44.06 M                                    [0m
850 (28.33%)        90.390 ms            3 m, 14 s            41.29 M                                    [0m
860 (28.67%)        89.209 ms            3 m, 10 s            41.61 M                                    [0m
870 (29.00%)        82.570 ms            2 m, 55 s            40.66 M                                    [0m

[12A[1K
Step (% Done)       Train Iter (time)    ETA (time)           Train Rays / Sec     Test Rays / Sec       [0m
-------------------------------------------------------------------------------------------------------- [0m
790 (26.33%)        79.687 ms            2 m, 56 s            35.98 M                                    [0m
800 (26.67%)        79.836 ms            2 m, 55 s            37.49 M                                    [0m
810 (27.00%)        79.050 ms            2 m, 53 s            40.20 M                                    [0m
820 (27.33%)        77.781 ms            2 m, 49 s            41.11 M                                    [0m
830 (27.67%)        84.115 ms            3 m, 2 s             42.85 M                                    [0m
840 (28.00%)        88.088 ms            3 m, 10 s            44.06 M                                    [0m
850 (28.33%)        90.390 ms            3 m, 14 s            41.29 M                                    [0m
860 (28.67%)        89.209 ms            3 m, 10 s            41.61 M                                    [0m
870 (29.00%)        82.570 ms            2 m, 55 s            40.66 M                                    [0m
880 (29.33%)        82.580 ms            2 m, 55 s            37.93 M                                    [0m

[12A[1K
Step (% Done)       Train Iter (time)    ETA (time)           Train Rays / Sec     Test Rays / Sec       [0m
-------------------------------------------------------------------------------------------------------- [0m
800 (26.67%)        79.836 ms            2 m, 55 s            37.49 M                                    [0m
810 (27.00%)        79.050 ms            2 m, 53 s            40.20 M                                    [0m
820 (27.33%)        77.781 ms            2 m, 49 s            41.11 M                                    [0m
830 (27.67%)        84.115 ms            3 m, 2 s             42.85 M                                    [0m
840 (28.00%)        88.088 ms            3 m, 10 s            44.06 M                                    [0m
850 (28.33%)        90.390 ms            3 m, 14 s            41.29 M                                    [0m
860 (28.67%)        89.209 ms            3 m, 10 s            41.61 M                                    [0m
870 (29.00%)        82.570 ms            2 m, 55 s            40.66 M                                    [0m
880 (29.33%)        82.580 ms            2 m, 55 s            37.93 M                                    [0m
890 (29.67%)        71.669 ms            2 m, 31 s            41.19 M                                    [0m
Step 900: Relocated 101786 GSs.
Step 900: Added 150725 GSs. Now having 3165243 GSs.

[12A[1K
Step (% Done)       Train Iter (time)    ETA (time)           Train Rays / Sec     Test Rays / Sec       [0m
-------------------------------------------------------------------------------------------------------- [0m
810 (27.00%)        79.050 ms            2 m, 53 s            40.20 M                                    [0m
820 (27.33%)        77.781 ms            2 m, 49 s            41.11 M                                    [0m
830 (27.67%)        84.115 ms            3 m, 2 s             42.85 M                                    [0m
840 (28.00%)        88.088 ms            3 m, 10 s            44.06 M                                    [0m
850 (28.33%)        90.390 ms            3 m, 14 s            41.29 M                                    [0m
860 (28.67%)        89.209 ms            3 m, 10 s            41.61 M                                    [0m
870 (29.00%)        82.570 ms            2 m, 55 s            40.66 M                                    [0m
880 (29.33%)        82.580 ms            2 m, 55 s            37.93 M                                    [0m
890 (29.67%)        71.669 ms            2 m, 31 s            41.19 M                                    [0m
900 (30.00%)        52.185 ms            1 m, 49 s            46.84 M                                    [0m

[12A[1K
Step (% Done)       Train Iter (time)    ETA (time)           Train Rays / Sec     Test Rays / Sec       [0m
-------------------------------------------------------------------------------------------------------- [0m
820 (27.33%)        77.781 ms            2 m, 49 s            41.11 M                                    [0m
830 (27.67%)        84.115 ms            3 m, 2 s             42.85 M                                    [0m
840 (28.00%)        88.088 ms            3 m, 10 s            44.06 M                                    [0m
850 (28.33%)        90.390 ms            3 m, 14 s            41.29 M                                    [0m
860 (28.67%)        89.209 ms            3 m, 10 s            41.61 M                                    [0m
870 (29.00%)        82.570 ms            2 m, 55 s            40.66 M                                    [0m
880 (29.33%)        82.580 ms            2 m, 55 s            37.93 M                                    [0m
890 (29.67%)        71.669 ms            2 m, 31 s            41.19 M                                    [0m
900 (30.00%)        52.185 ms            1 m, 49 s            46.84 M                                    [0m
910 (30.33%)        57.335 ms            1 m, 59 s            46.83 M                                    [0m

[12A[1K
Step (% Done)       Train Iter (time)    ETA (time)           Train Rays / Sec     Test Rays / Sec       [0m
-------------------------------------------------------------------------------------------------------- [0m
830 (27.67%)        84.115 ms            3 m, 2 s             42.85 M                                    [0m
840 (28.00%)        88.088 ms            3 m, 10 s            44.06 M                                    [0m
850 (28.33%)        90.390 ms            3 m, 14 s            41.29 M                                    [0m
860 (28.67%)        89.209 ms            3 m, 10 s            41.61 M                                    [0m
870 (29.00%)        82.570 ms            2 m, 55 s            40.66 M                                    [0m
880 (29.33%)        82.580 ms            2 m, 55 s            37.93 M                                    [0m
890 (29.67%)        71.669 ms            2 m, 31 s            41.19 M                                    [0m
900 (30.00%)        52.185 ms            1 m, 49 s            46.84 M                                    [0m
910 (30.33%)        57.335 ms            1 m, 59 s            46.83 M                                    [0m
920 (30.67%)        58.364 ms            2 m, 1 s             45.71 M                                    [0m

[12A[1K
Step (% Done)       Train Iter (time)    ETA (time)           Train Rays / Sec     Test Rays / Sec       [0m
-------------------------------------------------------------------------------------------------------- [0m
840 (28.00%)        88.088 ms            3 m, 10 s            44.06 M                                    [0m
850 (28.33%)        90.390 ms            3 m, 14 s            41.29 M                                    [0m
860 (28.67%)        89.209 ms            3 m, 10 s            41.61 M                                    [0m
870 (29.00%)        82.570 ms            2 m, 55 s            40.66 M                                    [0m
880 (29.33%)        82.580 ms            2 m, 55 s            37.93 M                                    [0m
890 (29.67%)        71.669 ms            2 m, 31 s            41.19 M                                    [0m
900 (30.00%)        52.185 ms            1 m, 49 s            46.84 M                                    [0m
910 (30.33%)        57.335 ms            1 m, 59 s            46.83 M                                    [0m
920 (30.67%)        58.364 ms            2 m, 1 s             45.71 M                                    [0m
930 (31.00%)        74.038 ms            2 m, 33 s            41.63 M                                    [0m

[12A[1K
Step (% Done)       Train Iter (time)    ETA (time)           Train Rays / Sec     Test Rays / Sec       [0m
-------------------------------------------------------------------------------------------------------- [0m
850 (28.33%)        90.390 ms            3 m, 14 s            41.29 M                                    [0m
860 (28.67%)        89.209 ms            3 m, 10 s            41.61 M                                    [0m
870 (29.00%)        82.570 ms            2 m, 55 s            40.66 M                                    [0m
880 (29.33%)        82.580 ms            2 m, 55 s            37.93 M                                    [0m
890 (29.67%)        71.669 ms            2 m, 31 s            41.19 M                                    [0m
900 (30.00%)        52.185 ms            1 m, 49 s            46.84 M                                    [0m
910 (30.33%)        57.335 ms            1 m, 59 s            46.83 M                                    [0m
920 (30.67%)        58.364 ms            2 m, 1 s             45.71 M                                    [0m
930 (31.00%)        74.038 ms            2 m, 33 s            41.63 M                                    [0m
940 (31.33%)        73.008 ms            2 m, 30 s            43.13 M                                    [0m

[12A[1K
Step (% Done)       Train Iter (time)    ETA (time)           Train Rays / Sec     Test Rays / Sec       [0m
-------------------------------------------------------------------------------------------------------- [0m
860 (28.67%)        89.209 ms            3 m, 10 s            41.61 M                                    [0m
870 (29.00%)        82.570 ms            2 m, 55 s            40.66 M                                    [0m
880 (29.33%)        82.580 ms            2 m, 55 s            37.93 M                                    [0m
890 (29.67%)        71.669 ms            2 m, 31 s            41.19 M                                    [0m
900 (30.00%)        52.185 ms            1 m, 49 s            46.84 M                                    [0m
910 (30.33%)        57.335 ms            1 m, 59 s            46.83 M                                    [0m
920 (30.67%)        58.364 ms            2 m, 1 s             45.71 M                                    [0m
930 (31.00%)        74.038 ms            2 m, 33 s            41.63 M                                    [0m
940 (31.33%)        73.008 ms            2 m, 30 s            43.13 M                                    [0m
950 (31.67%)        54.017 ms            1 m, 50 s            47.73 M                                    [0m

[12A[1K
Step (% Done)       Train Iter (time)    ETA (time)           Train Rays / Sec     Test Rays / Sec       [0m
-------------------------------------------------------------------------------------------------------- [0m
870 (29.00%)        82.570 ms            2 m, 55 s            40.66 M                                    [0m
880 (29.33%)        82.580 ms            2 m, 55 s            37.93 M                                    [0m
890 (29.67%)        71.669 ms            2 m, 31 s            41.19 M                                    [0m
900 (30.00%)        52.185 ms            1 m, 49 s            46.84 M                                    [0m
910 (30.33%)        57.335 ms            1 m, 59 s            46.83 M                                    [0m
920 (30.67%)        58.364 ms            2 m, 1 s             45.71 M                                    [0m
930 (31.00%)        74.038 ms            2 m, 33 s            41.63 M                                    [0m
940 (31.33%)        73.008 ms            2 m, 30 s            43.13 M                                    [0m
950 (31.67%)        54.017 ms            1 m, 50 s            47.73 M                                    [0m
960 (32.00%)        63.159 ms            2 m, 8 s             42.36 M                                    [0m

[12A[1K
Step (% Done)       Train Iter (time)    ETA (time)           Train Rays / Sec     Test Rays / Sec       [0m
-------------------------------------------------------------------------------------------------------- [0m
880 (29.33%)        82.580 ms            2 m, 55 s            37.93 M                                    [0m
890 (29.67%)        71.669 ms            2 m, 31 s            41.19 M                                    [0m
900 (30.00%)        52.185 ms            1 m, 49 s            46.84 M                                    [0m
910 (30.33%)        57.335 ms            1 m, 59 s            46.83 M                                    [0m
920 (30.67%)        58.364 ms            2 m, 1 s             45.71 M                                    [0m
930 (31.00%)        74.038 ms            2 m, 33 s            41.63 M                                    [0m
940 (31.33%)        73.008 ms            2 m, 30 s            43.13 M                                    [0m
950 (31.67%)        54.017 ms            1 m, 50 s            47.73 M                                    [0m
960 (32.00%)        63.159 ms            2 m, 8 s             42.36 M                                    [0m
970 (32.33%)        67.578 ms            2 m, 17 s            39.95 M                                    [0m

[12A[1K
Step (% Done)       Train Iter (time)    ETA (time)           Train Rays / Sec     Test Rays / Sec       [0m
-------------------------------------------------------------------------------------------------------- [0m
890 (29.67%)        71.669 ms            2 m, 31 s            41.19 M                                    [0m
900 (30.00%)        52.185 ms            1 m, 49 s            46.84 M                                    [0m
910 (30.33%)        57.335 ms            1 m, 59 s            46.83 M                                    [0m
920 (30.67%)        58.364 ms            2 m, 1 s             45.71 M                                    [0m
930 (31.00%)        74.038 ms            2 m, 33 s            41.63 M                                    [0m
940 (31.33%)        73.008 ms            2 m, 30 s            43.13 M                                    [0m
950 (31.67%)        54.017 ms            1 m, 50 s            47.73 M                                    [0m
960 (32.00%)        63.159 ms            2 m, 8 s             42.36 M                                    [0m
970 (32.33%)        67.578 ms            2 m, 17 s            39.95 M                                    [0m
980 (32.67%)        94.662 ms            3 m, 11 s            37.73 M                                    [0m

[12A[1K
Step (% Done)       Train Iter (time)    ETA (time)           Train Rays / Sec     Test Rays / Sec       [0m
-------------------------------------------------------------------------------------------------------- [0m
900 (30.00%)        52.185 ms            1 m, 49 s            46.84 M                                    [0m
910 (30.33%)        57.335 ms            1 m, 59 s            46.83 M                                    [0m
920 (30.67%)        58.364 ms            2 m, 1 s             45.71 M                                    [0m
930 (31.00%)        74.038 ms            2 m, 33 s            41.63 M                                    [0m
940 (31.33%)        73.008 ms            2 m, 30 s            43.13 M                                    [0m
950 (31.67%)        54.017 ms            1 m, 50 s            47.73 M                                    [0m
960 (32.00%)        63.159 ms            2 m, 8 s             42.36 M                                    [0m
970 (32.33%)        67.578 ms            2 m, 17 s            39.95 M                                    [0m
980 (32.67%)        94.662 ms            3 m, 11 s            37.73 M                                    [0m
990 (33.00%)        112.070 ms           3 m, 45 s            34.07 M                                    [0m
Step 1000: Relocated 114579 GSs.
Step 1000: Added 158262 GSs. Now having 3323505 GSs.

[12A[1K
Step (% Done)       Train Iter (time)    ETA (time)           Train Rays / Sec     Test Rays / Sec       [0m
-------------------------------------------------------------------------------------------------------- [0m
910 (30.33%)        57.335 ms            1 m, 59 s            46.83 M                                    [0m
920 (30.67%)        58.364 ms            2 m, 1 s             45.71 M                                    [0m
930 (31.00%)        74.038 ms            2 m, 33 s            41.63 M                                    [0m
940 (31.33%)        73.008 ms            2 m, 30 s            43.13 M                                    [0m
950 (31.67%)        54.017 ms            1 m, 50 s            47.73 M                                    [0m
960 (32.00%)        63.159 ms            2 m, 8 s             42.36 M                                    [0m
970 (32.33%)        67.578 ms            2 m, 17 s            39.95 M                                    [0m
980 (32.67%)        94.662 ms            3 m, 11 s            37.73 M                                    [0m
990 (33.00%)        112.070 ms           3 m, 45 s            34.07 M                                    [0m
1000 (33.33%)       79.453 ms            2 m, 38 s            37.45 M              526.10 K              [0m

[12A[1K
Step (% Done)       Train Iter (time)    ETA (time)           Train Rays / Sec     Test Rays / Sec       [0m
-------------------------------------------------------------------------------------------------------- [0m
920 (30.67%)        58.364 ms            2 m, 1 s             45.71 M                                    [0m
930 (31.00%)        74.038 ms            2 m, 33 s            41.63 M                                    [0m
940 (31.33%)        73.008 ms            2 m, 30 s            43.13 M                                    [0m
950 (31.67%)        54.017 ms            1 m, 50 s            47.73 M                                    [0m
960 (32.00%)        63.159 ms            2 m, 8 s             42.36 M                                    [0m
970 (32.33%)        67.578 ms            2 m, 17 s            39.95 M                                    [0m
980 (32.67%)        94.662 ms            3 m, 11 s            37.73 M                                    [0m
990 (33.00%)        112.070 ms           3 m, 45 s            34.07 M                                    [0m
1000 (33.33%)       79.453 ms            2 m, 38 s            37.45 M              526.10 K              [0m
1010 (33.67%)       110.632 ms           3 m, 40 s            34.70 M                                    [0m

[12A[1K
Step (% Done)       Train Iter (time)    ETA (time)           Train Rays / Sec     Test Rays / Sec       [0m
-------------------------------------------------------------------------------------------------------- [0m
930 (31.00%)        74.038 ms            2 m, 33 s            41.63 M                                    [0m
940 (31.33%)        73.008 ms            2 m, 30 s            43.13 M                                    [0m
950 (31.67%)        54.017 ms            1 m, 50 s            47.73 M                                    [0m
960 (32.00%)        63.159 ms            2 m, 8 s             42.36 M                                    [0m
970 (32.33%)        67.578 ms            2 m, 17 s            39.95 M                                    [0m
980 (32.67%)        94.662 ms            3 m, 11 s            37.73 M                                    [0m
990 (33.00%)        112.070 ms           3 m, 45 s            34.07 M                                    [0m
1000 (33.33%)       79.453 ms            2 m, 38 s            37.45 M              526.10 K              [0m
1010 (33.67%)       110.632 ms           3 m, 40 s            34.70 M                                    [0m
1020 (34.00%)       118.427 ms           3 m, 54 s            33.51 M                                    [0m

[12A[1K
Step (% Done)       Train Iter (time)    ETA (time)           Train Rays / Sec     Test Rays / Sec       [0m
-------------------------------------------------------------------------------------------------------- [0m
940 (31.33%)        73.008 ms            2 m, 30 s            43.13 M                                    [0m
950 (31.67%)        54.017 ms            1 m, 50 s            47.73 M                                    [0m
960 (32.00%)        63.159 ms            2 m, 8 s             42.36 M                                    [0m
970 (32.33%)        67.578 ms            2 m, 17 s            39.95 M                                    [0m
980 (32.67%)        94.662 ms            3 m, 11 s            37.73 M                                    [0m
990 (33.00%)        112.070 ms           3 m, 45 s            34.07 M                                    [0m
1000 (33.33%)       79.453 ms            2 m, 38 s            37.45 M              526.10 K              [0m
1010 (33.67%)       110.632 ms           3 m, 40 s            34.70 M                                    [0m
1020 (34.00%)       118.427 ms           3 m, 54 s            33.51 M                                    [0m
1030 (34.33%)       89.941 ms            2 m, 57 s            42.51 M                                    [0m

[12A[1K
Step (% Done)       Train Iter (time)    ETA (time)           Train Rays / Sec     Test Rays / Sec       [0m
-------------------------------------------------------------------------------------------------------- [0m
950 (31.67%)        54.017 ms            1 m, 50 s            47.73 M                                    [0m
960 (32.00%)        63.159 ms            2 m, 8 s             42.36 M                                    [0m
970 (32.33%)        67.578 ms            2 m, 17 s            39.95 M                                    [0m
980 (32.67%)        94.662 ms            3 m, 11 s            37.73 M                                    [0m
990 (33.00%)        112.070 ms           3 m, 45 s            34.07 M                                    [0m
1000 (33.33%)       79.453 ms            2 m, 38 s            37.45 M              526.10 K              [0m
1010 (33.67%)       110.632 ms           3 m, 40 s            34.70 M                                    [0m
1020 (34.00%)       118.427 ms           3 m, 54 s            33.51 M                                    [0m
1030 (34.33%)       89.941 ms            2 m, 57 s            42.51 M                                    [0m
1040 (34.67%)       104.768 ms           3 m, 25 s            42.07 M                                    [0m

[12A[1K
Step (% Done)       Train Iter (time)    ETA (time)           Train Rays / Sec     Test Rays / Sec       [0m
-------------------------------------------------------------------------------------------------------- [0m
960 (32.00%)        63.159 ms            2 m, 8 s             42.36 M                                    [0m
970 (32.33%)        67.578 ms            2 m, 17 s            39.95 M                                    [0m
980 (32.67%)        94.662 ms            3 m, 11 s            37.73 M                                    [0m
990 (33.00%)        112.070 ms           3 m, 45 s            34.07 M                                    [0m
1000 (33.33%)       79.453 ms            2 m, 38 s            37.45 M              526.10 K              [0m
1010 (33.67%)       110.632 ms           3 m, 40 s            34.70 M                                    [0m
1020 (34.00%)       118.427 ms           3 m, 54 s            33.51 M                                    [0m
1030 (34.33%)       89.941 ms            2 m, 57 s            42.51 M                                    [0m
1040 (34.67%)       104.768 ms           3 m, 25 s            42.07 M                                    [0m
1050 (35.00%)       94.605 ms            3 m, 4 s             35.72 M                                    [0m

[12A[1K
Step (% Done)       Train Iter (time)    ETA (time)           Train Rays / Sec     Test Rays / Sec       [0m
-------------------------------------------------------------------------------------------------------- [0m
970 (32.33%)        67.578 ms            2 m, 17 s            39.95 M                                    [0m
980 (32.67%)        94.662 ms            3 m, 11 s            37.73 M                                    [0m
990 (33.00%)        112.070 ms           3 m, 45 s            34.07 M                                    [0m
1000 (33.33%)       79.453 ms            2 m, 38 s            37.45 M              526.10 K              [0m
1010 (33.67%)       110.632 ms           3 m, 40 s            34.70 M                                    [0m
1020 (34.00%)       118.427 ms           3 m, 54 s            33.51 M                                    [0m
1030 (34.33%)       89.941 ms            2 m, 57 s            42.51 M                                    [0m
1040 (34.67%)       104.768 ms           3 m, 25 s            42.07 M                                    [0m
1050 (35.00%)       94.605 ms            3 m, 4 s             35.72 M                                    [0m
1060 (35.33%)       78.472 ms            2 m, 32 s            33.73 M                                    [0m

[12A[1K
Step (% Done)       Train Iter (time)    ETA (time)           Train Rays / Sec     Test Rays / Sec       [0m
-------------------------------------------------------------------------------------------------------- [0m
980 (32.67%)        94.662 ms            3 m, 11 s            37.73 M                                    [0m
990 (33.00%)        112.070 ms           3 m, 45 s            34.07 M                                    [0m
1000 (33.33%)       79.453 ms            2 m, 38 s            37.45 M              526.10 K              [0m
1010 (33.67%)       110.632 ms           3 m, 40 s            34.70 M                                    [0m
1020 (34.00%)       118.427 ms           3 m, 54 s            33.51 M                                    [0m
1030 (34.33%)       89.941 ms            2 m, 57 s            42.51 M                                    [0m
1040 (34.67%)       104.768 ms           3 m, 25 s            42.07 M                                    [0m
1050 (35.00%)       94.605 ms            3 m, 4 s             35.72 M                                    [0m
1060 (35.33%)       78.472 ms            2 m, 32 s            33.73 M                                    [0m
1070 (35.67%)       85.783 ms            2 m, 45 s            33.46 M                                    [0m

[12A[1K
Step (% Done)       Train Iter (time)    ETA (time)           Train Rays / Sec     Test Rays / Sec       [0m
-------------------------------------------------------------------------------------------------------- [0m
990 (33.00%)        112.070 ms           3 m, 45 s            34.07 M                                    [0m
1000 (33.33%)       79.453 ms            2 m, 38 s            37.45 M              526.10 K              [0m
1010 (33.67%)       110.632 ms           3 m, 40 s            34.70 M                                    [0m
1020 (34.00%)       118.427 ms           3 m, 54 s            33.51 M                                    [0m
1030 (34.33%)       89.941 ms            2 m, 57 s            42.51 M                                    [0m
1040 (34.67%)       104.768 ms           3 m, 25 s            42.07 M                                    [0m
1050 (35.00%)       94.605 ms            3 m, 4 s             35.72 M                                    [0m
1060 (35.33%)       78.472 ms            2 m, 32 s            33.73 M                                    [0m
1070 (35.67%)       85.783 ms            2 m, 45 s            33.46 M                                    [0m
1080 (36.00%)       106.503 ms           3 m, 24 s            33.59 M                                    [0m

[12A[1K
Step (% Done)       Train Iter (time)    ETA (time)           Train Rays / Sec     Test Rays / Sec       [0m
-------------------------------------------------------------------------------------------------------- [0m
1000 (33.33%)       79.453 ms            2 m, 38 s            37.45 M              526.10 K              [0m
1010 (33.67%)       110.632 ms           3 m, 40 s            34.70 M                                    [0m
1020 (34.00%)       118.427 ms           3 m, 54 s            33.51 M                                    [0m
1030 (34.33%)       89.941 ms            2 m, 57 s            42.51 M                                    [0m
1040 (34.67%)       104.768 ms           3 m, 25 s            42.07 M                                    [0m
1050 (35.00%)       94.605 ms            3 m, 4 s             35.72 M                                    [0m
1060 (35.33%)       78.472 ms            2 m, 32 s            33.73 M                                    [0m
1070 (35.67%)       85.783 ms            2 m, 45 s            33.46 M                                    [0m
1080 (36.00%)       106.503 ms           3 m, 24 s            33.59 M                                    [0m
1090 (36.33%)       104.037 ms           3 m, 18 s            38.84 M                                    [0m
Step 1100: Relocated 84159 GSs.
Step 1100: Added 166175 GSs. Now having 3489680 GSs.

[12A[1K
Step (% Done)       Train Iter (time)    ETA (time)           Train Rays / Sec     Test Rays / Sec       [0m
-------------------------------------------------------------------------------------------------------- [0m
1010 (33.67%)       110.632 ms           3 m, 40 s            34.70 M                                    [0m
1020 (34.00%)       118.427 ms           3 m, 54 s            33.51 M                                    [0m
1030 (34.33%)       89.941 ms            2 m, 57 s            42.51 M                                    [0m
1040 (34.67%)       104.768 ms           3 m, 25 s            42.07 M                                    [0m
1050 (35.00%)       94.605 ms            3 m, 4 s             35.72 M                                    [0m
1060 (35.33%)       78.472 ms            2 m, 32 s            33.73 M                                    [0m
1070 (35.67%)       85.783 ms            2 m, 45 s            33.46 M                                    [0m
1080 (36.00%)       106.503 ms           3 m, 24 s            33.59 M                                    [0m
1090 (36.33%)       104.037 ms           3 m, 18 s            38.84 M                                    [0m
1100 (36.67%)       93.715 ms            2 m, 58 s            42.60 M                                    [0m

[12A[1K
Step (% Done)       Train Iter (time)    ETA (time)           Train Rays / Sec     Test Rays / Sec       [0m
-------------------------------------------------------------------------------------------------------- [0m
1020 (34.00%)       118.427 ms           3 m, 54 s            33.51 M                                    [0m
1030 (34.33%)       89.941 ms            2 m, 57 s            42.51 M                                    [0m
1040 (34.67%)       104.768 ms           3 m, 25 s            42.07 M                                    [0m
1050 (35.00%)       94.605 ms            3 m, 4 s             35.72 M                                    [0m
1060 (35.33%)       78.472 ms            2 m, 32 s            33.73 M                                    [0m
1070 (35.67%)       85.783 ms            2 m, 45 s            33.46 M                                    [0m
1080 (36.00%)       106.503 ms           3 m, 24 s            33.59 M                                    [0m
1090 (36.33%)       104.037 ms           3 m, 18 s            38.84 M                                    [0m
1100 (36.67%)       93.715 ms            2 m, 58 s            42.60 M                                    [0m
1110 (37.00%)       108.459 ms           3 m, 24 s            37.89 M                                    [0m

[12A[1K
Step (% Done)       Train Iter (time)    ETA (time)           Train Rays / Sec     Test Rays / Sec       [0m
-------------------------------------------------------------------------------------------------------- [0m
1030 (34.33%)       89.941 ms            2 m, 57 s            42.51 M                                    [0m
1040 (34.67%)       104.768 ms           3 m, 25 s            42.07 M                                    [0m
1050 (35.00%)       94.605 ms            3 m, 4 s             35.72 M                                    [0m
1060 (35.33%)       78.472 ms            2 m, 32 s            33.73 M                                    [0m
1070 (35.67%)       85.783 ms            2 m, 45 s            33.46 M                                    [0m
1080 (36.00%)       106.503 ms           3 m, 24 s            33.59 M                                    [0m
1090 (36.33%)       104.037 ms           3 m, 18 s            38.84 M                                    [0m
1100 (36.67%)       93.715 ms            2 m, 58 s            42.60 M                                    [0m
1110 (37.00%)       108.459 ms           3 m, 24 s            37.89 M                                    [0m
1120 (37.33%)       118.950 ms           3 m, 43 s            34.14 M                                    [0m

[12A[1K
Step (% Done)       Train Iter (time)    ETA (time)           Train Rays / Sec     Test Rays / Sec       [0m
-------------------------------------------------------------------------------------------------------- [0m
1040 (34.67%)       104.768 ms           3 m, 25 s            42.07 M                                    [0m
1050 (35.00%)       94.605 ms            3 m, 4 s             35.72 M                                    [0m
1060 (35.33%)       78.472 ms            2 m, 32 s            33.73 M                                    [0m
1070 (35.67%)       85.783 ms            2 m, 45 s            33.46 M                                    [0m
1080 (36.00%)       106.503 ms           3 m, 24 s            33.59 M                                    [0m
1090 (36.33%)       104.037 ms           3 m, 18 s            38.84 M                                    [0m
1100 (36.67%)       93.715 ms            2 m, 58 s            42.60 M                                    [0m
1110 (37.00%)       108.459 ms           3 m, 24 s            37.89 M                                    [0m
1120 (37.33%)       118.950 ms           3 m, 43 s            34.14 M                                    [0m
1130 (37.67%)       93.119 ms            2 m, 54 s            37.28 M                                    [0m

[12A[1K
Step (% Done)       Train Iter (time)    ETA (time)           Train Rays / Sec     Test Rays / Sec       [0m
-------------------------------------------------------------------------------------------------------- [0m
1050 (35.00%)       94.605 ms            3 m, 4 s             35.72 M                                    [0m
1060 (35.33%)       78.472 ms            2 m, 32 s            33.73 M                                    [0m
1070 (35.67%)       85.783 ms            2 m, 45 s            33.46 M                                    [0m
1080 (36.00%)       106.503 ms           3 m, 24 s            33.59 M                                    [0m
1090 (36.33%)       104.037 ms           3 m, 18 s            38.84 M                                    [0m
1100 (36.67%)       93.715 ms            2 m, 58 s            42.60 M                                    [0m
1110 (37.00%)       108.459 ms           3 m, 24 s            37.89 M                                    [0m
1120 (37.33%)       118.950 ms           3 m, 43 s            34.14 M                                    [0m
1130 (37.67%)       93.119 ms            2 m, 54 s            37.28 M                                    [0m
1140 (38.00%)       70.369 ms            2 m, 10 s            41.07 M                                    [0m

[12A[1K
Step (% Done)       Train Iter (time)    ETA (time)           Train Rays / Sec     Test Rays / Sec       [0m
-------------------------------------------------------------------------------------------------------- [0m
1060 (35.33%)       78.472 ms            2 m, 32 s            33.73 M                                    [0m
1070 (35.67%)       85.783 ms            2 m, 45 s            33.46 M                                    [0m
1080 (36.00%)       106.503 ms           3 m, 24 s            33.59 M                                    [0m
1090 (36.33%)       104.037 ms           3 m, 18 s            38.84 M                                    [0m
1100 (36.67%)       93.715 ms            2 m, 58 s            42.60 M                                    [0m
1110 (37.00%)       108.459 ms           3 m, 24 s            37.89 M                                    [0m
1120 (37.33%)       118.950 ms           3 m, 43 s            34.14 M                                    [0m
1130 (37.67%)       93.119 ms            2 m, 54 s            37.28 M                                    [0m
1140 (38.00%)       70.369 ms            2 m, 10 s            41.07 M                                    [0m
1150 (38.33%)       92.618 ms            2 m, 51 s            37.23 M                                    [0m

[12A[1K
Step (% Done)       Train Iter (time)    ETA (time)           Train Rays / Sec     Test Rays / Sec       [0m
-------------------------------------------------------------------------------------------------------- [0m
1070 (35.67%)       85.783 ms            2 m, 45 s            33.46 M                                    [0m
1080 (36.00%)       106.503 ms           3 m, 24 s            33.59 M                                    [0m
1090 (36.33%)       104.037 ms           3 m, 18 s            38.84 M                                    [0m
1100 (36.67%)       93.715 ms            2 m, 58 s            42.60 M                                    [0m
1110 (37.00%)       108.459 ms           3 m, 24 s            37.89 M                                    [0m
1120 (37.33%)       118.950 ms           3 m, 43 s            34.14 M                                    [0m
1130 (37.67%)       93.119 ms            2 m, 54 s            37.28 M                                    [0m
1140 (38.00%)       70.369 ms            2 m, 10 s            41.07 M                                    [0m
1150 (38.33%)       92.618 ms            2 m, 51 s            37.23 M                                    [0m
1160 (38.67%)       109.912 ms           3 m, 22 s            33.12 M                                    [0m

[12A[1K
Step (% Done)       Train Iter (time)    ETA (time)           Train Rays / Sec     Test Rays / Sec       [0m
-------------------------------------------------------------------------------------------------------- [0m
1080 (36.00%)       106.503 ms           3 m, 24 s            33.59 M                                    [0m
1090 (36.33%)       104.037 ms           3 m, 18 s            38.84 M                                    [0m
1100 (36.67%)       93.715 ms            2 m, 58 s            42.60 M                                    [0m
1110 (37.00%)       108.459 ms           3 m, 24 s            37.89 M                                    [0m
1120 (37.33%)       118.950 ms           3 m, 43 s            34.14 M                                    [0m
1130 (37.67%)       93.119 ms            2 m, 54 s            37.28 M                                    [0m
1140 (38.00%)       70.369 ms            2 m, 10 s            41.07 M                                    [0m
1150 (38.33%)       92.618 ms            2 m, 51 s            37.23 M                                    [0m
1160 (38.67%)       109.912 ms           3 m, 22 s            33.12 M                                    [0m
1170 (39.00%)       77.240 ms            2 m, 21 s            37.61 M                                    [0m

[12A[1K
Step (% Done)       Train Iter (time)    ETA (time)           Train Rays / Sec     Test Rays / Sec       [0m
-------------------------------------------------------------------------------------------------------- [0m
1090 (36.33%)       104.037 ms           3 m, 18 s            38.84 M                                    [0m
1100 (36.67%)       93.715 ms            2 m, 58 s            42.60 M                                    [0m
1110 (37.00%)       108.459 ms           3 m, 24 s            37.89 M                                    [0m
1120 (37.33%)       118.950 ms           3 m, 43 s            34.14 M                                    [0m
1130 (37.67%)       93.119 ms            2 m, 54 s            37.28 M                                    [0m
1140 (38.00%)       70.369 ms            2 m, 10 s            41.07 M                                    [0m
1150 (38.33%)       92.618 ms            2 m, 51 s            37.23 M                                    [0m
1160 (38.67%)       109.912 ms           3 m, 22 s            33.12 M                                    [0m
1170 (39.00%)       77.240 ms            2 m, 21 s            37.61 M                                    [0m
1180 (39.33%)       69.357 ms            2 m, 6 s             40.56 M                                    [0m

[12A[1K
Step (% Done)       Train Iter (time)    ETA (time)           Train Rays / Sec     Test Rays / Sec       [0m
-------------------------------------------------------------------------------------------------------- [0m
1100 (36.67%)       93.715 ms            2 m, 58 s            42.60 M                                    [0m
1110 (37.00%)       108.459 ms           3 m, 24 s            37.89 M                                    [0m
1120 (37.33%)       118.950 ms           3 m, 43 s            34.14 M                                    [0m
1130 (37.67%)       93.119 ms            2 m, 54 s            37.28 M                                    [0m
1140 (38.00%)       70.369 ms            2 m, 10 s            41.07 M                                    [0m
1150 (38.33%)       92.618 ms            2 m, 51 s            37.23 M                                    [0m
1160 (38.67%)       109.912 ms           3 m, 22 s            33.12 M                                    [0m
1170 (39.00%)       77.240 ms            2 m, 21 s            37.61 M                                    [0m
1180 (39.33%)       69.357 ms            2 m, 6 s             40.56 M                                    [0m
1190 (39.67%)       78.192 ms            2 m, 21 s            38.19 M                                    [0m
Step 1200: Relocated 81212 GSs.
Step 1200: Added 174484 GSs. Now having 3664164 GSs.

[12A[1K
Step (% Done)       Train Iter (time)    ETA (time)           Train Rays / Sec     Test Rays / Sec       [0m
-------------------------------------------------------------------------------------------------------- [0m
1110 (37.00%)       108.459 ms           3 m, 24 s            37.89 M                                    [0m
1120 (37.33%)       118.950 ms           3 m, 43 s            34.14 M                                    [0m
1130 (37.67%)       93.119 ms            2 m, 54 s            37.28 M                                    [0m
1140 (38.00%)       70.369 ms            2 m, 10 s            41.07 M                                    [0m
1150 (38.33%)       92.618 ms            2 m, 51 s            37.23 M                                    [0m
1160 (38.67%)       109.912 ms           3 m, 22 s            33.12 M                                    [0m
1170 (39.00%)       77.240 ms            2 m, 21 s            37.61 M                                    [0m
1180 (39.33%)       69.357 ms            2 m, 6 s             40.56 M                                    [0m
1190 (39.67%)       78.192 ms            2 m, 21 s            38.19 M                                    [0m
1200 (40.00%)       98.036 ms            2 m, 56 s            33.40 M                                    [0m

[12A[1K
Step (% Done)       Train Iter (time)    ETA (time)           Train Rays / Sec     Test Rays / Sec       [0m
-------------------------------------------------------------------------------------------------------- [0m
1120 (37.33%)       118.950 ms           3 m, 43 s            34.14 M                                    [0m
1130 (37.67%)       93.119 ms            2 m, 54 s            37.28 M                                    [0m
1140 (38.00%)       70.369 ms            2 m, 10 s            41.07 M                                    [0m
1150 (38.33%)       92.618 ms            2 m, 51 s            37.23 M                                    [0m
1160 (38.67%)       109.912 ms           3 m, 22 s            33.12 M                                    [0m
1170 (39.00%)       77.240 ms            2 m, 21 s            37.61 M                                    [0m
1180 (39.33%)       69.357 ms            2 m, 6 s             40.56 M                                    [0m
1190 (39.67%)       78.192 ms            2 m, 21 s            38.19 M                                    [0m
1200 (40.00%)       98.036 ms            2 m, 56 s            33.40 M                                    [0m
1210 (40.33%)       130.526 ms           3 m, 53 s            33.20 M                                    [0m

[12A[1K
Step (% Done)       Train Iter (time)    ETA (time)           Train Rays / Sec     Test Rays / Sec       [0m
-------------------------------------------------------------------------------------------------------- [0m
1130 (37.67%)       93.119 ms            2 m, 54 s            37.28 M                                    [0m
1140 (38.00%)       70.369 ms            2 m, 10 s            41.07 M                                    [0m
1150 (38.33%)       92.618 ms            2 m, 51 s            37.23 M                                    [0m
1160 (38.67%)       109.912 ms           3 m, 22 s            33.12 M                                    [0m
1170 (39.00%)       77.240 ms            2 m, 21 s            37.61 M                                    [0m
1180 (39.33%)       69.357 ms            2 m, 6 s             40.56 M                                    [0m
1190 (39.67%)       78.192 ms            2 m, 21 s            38.19 M                                    [0m
1200 (40.00%)       98.036 ms            2 m, 56 s            33.40 M                                    [0m
1210 (40.33%)       130.526 ms           3 m, 53 s            33.20 M                                    [0m
1220 (40.67%)       107.664 ms           3 m, 11 s            35.51 M                                    [0m

[12A[1K
Step (% Done)       Train Iter (time)    ETA (time)           Train Rays / Sec     Test Rays / Sec       [0m
-------------------------------------------------------------------------------------------------------- [0m
1140 (38.00%)       70.369 ms            2 m, 10 s            41.07 M                                    [0m
1150 (38.33%)       92.618 ms            2 m, 51 s            37.23 M                                    [0m
1160 (38.67%)       109.912 ms           3 m, 22 s            33.12 M                                    [0m
1170 (39.00%)       77.240 ms            2 m, 21 s            37.61 M                                    [0m
1180 (39.33%)       69.357 ms            2 m, 6 s             40.56 M                                    [0m
1190 (39.67%)       78.192 ms            2 m, 21 s            38.19 M                                    [0m
1200 (40.00%)       98.036 ms            2 m, 56 s            33.40 M                                    [0m
1210 (40.33%)       130.526 ms           3 m, 53 s            33.20 M                                    [0m
1220 (40.67%)       107.664 ms           3 m, 11 s            35.51 M                                    [0m
1230 (41.00%)       80.471 ms            2 m, 22 s            33.72 M                                    [0m

[12A[1K
Step (% Done)       Train Iter (time)    ETA (time)           Train Rays / Sec     Test Rays / Sec       [0m
-------------------------------------------------------------------------------------------------------- [0m
1150 (38.33%)       92.618 ms            2 m, 51 s            37.23 M                                    [0m
1160 (38.67%)       109.912 ms           3 m, 22 s            33.12 M                                    [0m
1170 (39.00%)       77.240 ms            2 m, 21 s            37.61 M                                    [0m
1180 (39.33%)       69.357 ms            2 m, 6 s             40.56 M                                    [0m
1190 (39.67%)       78.192 ms            2 m, 21 s            38.19 M                                    [0m
1200 (40.00%)       98.036 ms            2 m, 56 s            33.40 M                                    [0m
1210 (40.33%)       130.526 ms           3 m, 53 s            33.20 M                                    [0m
1220 (40.67%)       107.664 ms           3 m, 11 s            35.51 M                                    [0m
1230 (41.00%)       80.471 ms            2 m, 22 s            33.72 M                                    [0m
1240 (41.33%)       65.299 ms            1 m, 54 s            40.94 M                                    [0m

[12A[1K
Step (% Done)       Train Iter (time)    ETA (time)           Train Rays / Sec     Test Rays / Sec       [0m
-------------------------------------------------------------------------------------------------------- [0m
1160 (38.67%)       109.912 ms           3 m, 22 s            33.12 M                                    [0m
1170 (39.00%)       77.240 ms            2 m, 21 s            37.61 M                                    [0m
1180 (39.33%)       69.357 ms            2 m, 6 s             40.56 M                                    [0m
1190 (39.67%)       78.192 ms            2 m, 21 s            38.19 M                                    [0m
1200 (40.00%)       98.036 ms            2 m, 56 s            33.40 M                                    [0m
1210 (40.33%)       130.526 ms           3 m, 53 s            33.20 M                                    [0m
1220 (40.67%)       107.664 ms           3 m, 11 s            35.51 M                                    [0m
1230 (41.00%)       80.471 ms            2 m, 22 s            33.72 M                                    [0m
1240 (41.33%)       65.299 ms            1 m, 54 s            40.94 M                                    [0m
1250 (41.67%)       88.209 ms            2 m, 34 s            42.04 M                                    [0m

[12A[1K
Step (% Done)       Train Iter (time)    ETA (time)           Train Rays / Sec     Test Rays / Sec       [0m
-------------------------------------------------------------------------------------------------------- [0m
1170 (39.00%)       77.240 ms            2 m, 21 s            37.61 M                                    [0m
1180 (39.33%)       69.357 ms            2 m, 6 s             40.56 M                                    [0m
1190 (39.67%)       78.192 ms            2 m, 21 s            38.19 M                                    [0m
1200 (40.00%)       98.036 ms            2 m, 56 s            33.40 M                                    [0m
1210 (40.33%)       130.526 ms           3 m, 53 s            33.20 M                                    [0m
1220 (40.67%)       107.664 ms           3 m, 11 s            35.51 M                                    [0m
1230 (41.00%)       80.471 ms            2 m, 22 s            33.72 M                                    [0m
1240 (41.33%)       65.299 ms            1 m, 54 s            40.94 M                                    [0m
1250 (41.67%)       88.209 ms            2 m, 34 s            42.04 M                                    [0m
1260 (42.00%)       101.690 ms           2 m, 56 s            35.80 M                                    [0m

[12A[1K
Step (% Done)       Train Iter (time)    ETA (time)           Train Rays / Sec     Test Rays / Sec       [0m
-------------------------------------------------------------------------------------------------------- [0m
1180 (39.33%)       69.357 ms            2 m, 6 s             40.56 M                                    [0m
1190 (39.67%)       78.192 ms            2 m, 21 s            38.19 M                                    [0m
1200 (40.00%)       98.036 ms            2 m, 56 s            33.40 M                                    [0m
1210 (40.33%)       130.526 ms           3 m, 53 s            33.20 M                                    [0m
1220 (40.67%)       107.664 ms           3 m, 11 s            35.51 M                                    [0m
1230 (41.00%)       80.471 ms            2 m, 22 s            33.72 M                                    [0m
1240 (41.33%)       65.299 ms            1 m, 54 s            40.94 M                                    [0m
1250 (41.67%)       88.209 ms            2 m, 34 s            42.04 M                                    [0m
1260 (42.00%)       101.690 ms           2 m, 56 s            35.80 M                                    [0m
1270 (42.33%)       85.513 ms            2 m, 27 s            34.50 M                                    [0m

[12A[1K
Step (% Done)       Train Iter (time)    ETA (time)           Train Rays / Sec     Test Rays / Sec       [0m
-------------------------------------------------------------------------------------------------------- [0m
1190 (39.67%)       78.192 ms            2 m, 21 s            38.19 M                                    [0m
1200 (40.00%)       98.036 ms            2 m, 56 s            33.40 M                                    [0m
1210 (40.33%)       130.526 ms           3 m, 53 s            33.20 M                                    [0m
1220 (40.67%)       107.664 ms           3 m, 11 s            35.51 M                                    [0m
1230 (41.00%)       80.471 ms            2 m, 22 s            33.72 M                                    [0m
1240 (41.33%)       65.299 ms            1 m, 54 s            40.94 M                                    [0m
1250 (41.67%)       88.209 ms            2 m, 34 s            42.04 M                                    [0m
1260 (42.00%)       101.690 ms           2 m, 56 s            35.80 M                                    [0m
1270 (42.33%)       85.513 ms            2 m, 27 s            34.50 M                                    [0m
1280 (42.67%)       89.221 ms            2 m, 33 s            36.57 M                                    [0m

[12A[1K
Step (% Done)       Train Iter (time)    ETA (time)           Train Rays / Sec     Test Rays / Sec       [0m
-------------------------------------------------------------------------------------------------------- [0m
1200 (40.00%)       98.036 ms            2 m, 56 s            33.40 M                                    [0m
1210 (40.33%)       130.526 ms           3 m, 53 s            33.20 M                                    [0m
1220 (40.67%)       107.664 ms           3 m, 11 s            35.51 M                                    [0m
1230 (41.00%)       80.471 ms            2 m, 22 s            33.72 M                                    [0m
1240 (41.33%)       65.299 ms            1 m, 54 s            40.94 M                                    [0m
1250 (41.67%)       88.209 ms            2 m, 34 s            42.04 M                                    [0m
1260 (42.00%)       101.690 ms           2 m, 56 s            35.80 M                                    [0m
1270 (42.33%)       85.513 ms            2 m, 27 s            34.50 M                                    [0m
1280 (42.67%)       89.221 ms            2 m, 33 s            36.57 M                                    [0m
1290 (43.00%)       99.762 ms            2 m, 50 s            37.02 M                                    [0m
Step 1300: Relocated 105973 GSs.
Step 1300: Added 183208 GSs. Now having 3847372 GSs.

[12A[1K
Step (% Done)       Train Iter (time)    ETA (time)           Train Rays / Sec     Test Rays / Sec       [0m
-------------------------------------------------------------------------------------------------------- [0m
1210 (40.33%)       130.526 ms           3 m, 53 s            33.20 M                                    [0m
1220 (40.67%)       107.664 ms           3 m, 11 s            35.51 M                                    [0m
1230 (41.00%)       80.471 ms            2 m, 22 s            33.72 M                                    [0m
1240 (41.33%)       65.299 ms            1 m, 54 s            40.94 M                                    [0m
1250 (41.67%)       88.209 ms            2 m, 34 s            42.04 M                                    [0m
1260 (42.00%)       101.690 ms           2 m, 56 s            35.80 M                                    [0m
1270 (42.33%)       85.513 ms            2 m, 27 s            34.50 M                                    [0m
1280 (42.67%)       89.221 ms            2 m, 33 s            36.57 M                                    [0m
1290 (43.00%)       99.762 ms            2 m, 50 s            37.02 M                                    [0m
1300 (43.33%)       105.792 ms           2 m, 59 s            34.56 M                                    [0m

[12A[1K
Step (% Done)       Train Iter (time)    ETA (time)           Train Rays / Sec     Test Rays / Sec       [0m
-------------------------------------------------------------------------------------------------------- [0m
1220 (40.67%)       107.664 ms           3 m, 11 s            35.51 M                                    [0m
1230 (41.00%)       80.471 ms            2 m, 22 s            33.72 M                                    [0m
1240 (41.33%)       65.299 ms            1 m, 54 s            40.94 M                                    [0m
1250 (41.67%)       88.209 ms            2 m, 34 s            42.04 M                                    [0m
1260 (42.00%)       101.690 ms           2 m, 56 s            35.80 M                                    [0m
1270 (42.33%)       85.513 ms            2 m, 27 s            34.50 M                                    [0m
1280 (42.67%)       89.221 ms            2 m, 33 s            36.57 M                                    [0m
1290 (43.00%)       99.762 ms            2 m, 50 s            37.02 M                                    [0m
1300 (43.33%)       105.792 ms           2 m, 59 s            34.56 M                                    [0m
1310 (43.67%)       111.261 ms           3 m, 8 s             33.51 M                                    [0m

[12A[1K
Step (% Done)       Train Iter (time)    ETA (time)           Train Rays / Sec     Test Rays / Sec       [0m
-------------------------------------------------------------------------------------------------------- [0m
1230 (41.00%)       80.471 ms            2 m, 22 s            33.72 M                                    [0m
1240 (41.33%)       65.299 ms            1 m, 54 s            40.94 M                                    [0m
1250 (41.67%)       88.209 ms            2 m, 34 s            42.04 M                                    [0m
1260 (42.00%)       101.690 ms           2 m, 56 s            35.80 M                                    [0m
1270 (42.33%)       85.513 ms            2 m, 27 s            34.50 M                                    [0m
1280 (42.67%)       89.221 ms            2 m, 33 s            36.57 M                                    [0m
1290 (43.00%)       99.762 ms            2 m, 50 s            37.02 M                                    [0m
1300 (43.33%)       105.792 ms           2 m, 59 s            34.56 M                                    [0m
1310 (43.67%)       111.261 ms           3 m, 8 s             33.51 M                                    [0m
1320 (44.00%)       118.974 ms           3 m, 19 s            36.08 M                                    [0m

[12A[1K
Step (% Done)       Train Iter (time)    ETA (time)           Train Rays / Sec     Test Rays / Sec       [0m
-------------------------------------------------------------------------------------------------------- [0m
1240 (41.33%)       65.299 ms            1 m, 54 s            40.94 M                                    [0m
1250 (41.67%)       88.209 ms            2 m, 34 s            42.04 M                                    [0m
1260 (42.00%)       101.690 ms           2 m, 56 s            35.80 M                                    [0m
1270 (42.33%)       85.513 ms            2 m, 27 s            34.50 M                                    [0m
1280 (42.67%)       89.221 ms            2 m, 33 s            36.57 M                                    [0m
1290 (43.00%)       99.762 ms            2 m, 50 s            37.02 M                                    [0m
1300 (43.33%)       105.792 ms           2 m, 59 s            34.56 M                                    [0m
1310 (43.67%)       111.261 ms           3 m, 8 s             33.51 M                                    [0m
1320 (44.00%)       118.974 ms           3 m, 19 s            36.08 M                                    [0m
1330 (44.33%)       102.690 ms           2 m, 51 s            41.47 M                                    [0m

[12A[1K
Step (% Done)       Train Iter (time)    ETA (time)           Train Rays / Sec     Test Rays / Sec       [0m
-------------------------------------------------------------------------------------------------------- [0m
1250 (41.67%)       88.209 ms            2 m, 34 s            42.04 M                                    [0m
1260 (42.00%)       101.690 ms           2 m, 56 s            35.80 M                                    [0m
1270 (42.33%)       85.513 ms            2 m, 27 s            34.50 M                                    [0m
1280 (42.67%)       89.221 ms            2 m, 33 s            36.57 M                                    [0m
1290 (43.00%)       99.762 ms            2 m, 50 s            37.02 M                                    [0m
1300 (43.33%)       105.792 ms           2 m, 59 s            34.56 M                                    [0m
1310 (43.67%)       111.261 ms           3 m, 8 s             33.51 M                                    [0m
1320 (44.00%)       118.974 ms           3 m, 19 s            36.08 M                                    [0m
1330 (44.33%)       102.690 ms           2 m, 51 s            41.47 M                                    [0m
1340 (44.67%)       81.991 ms            2 m, 16 s            39.51 M                                    [0m

[12A[1K
Step (% Done)       Train Iter (time)    ETA (time)           Train Rays / Sec     Test Rays / Sec       [0m
-------------------------------------------------------------------------------------------------------- [0m
1260 (42.00%)       101.690 ms           2 m, 56 s            35.80 M                                    [0m
1270 (42.33%)       85.513 ms            2 m, 27 s            34.50 M                                    [0m
1280 (42.67%)       89.221 ms            2 m, 33 s            36.57 M                                    [0m
1290 (43.00%)       99.762 ms            2 m, 50 s            37.02 M                                    [0m
1300 (43.33%)       105.792 ms           2 m, 59 s            34.56 M                                    [0m
1310 (43.67%)       111.261 ms           3 m, 8 s             33.51 M                                    [0m
1320 (44.00%)       118.974 ms           3 m, 19 s            36.08 M                                    [0m
1330 (44.33%)       102.690 ms           2 m, 51 s            41.47 M                                    [0m
1340 (44.67%)       81.991 ms            2 m, 16 s            39.51 M                                    [0m
1350 (45.00%)       86.090 ms            2 m, 22 s            33.95 M                                    [0m

[12A[1K
Step (% Done)       Train Iter (time)    ETA (time)           Train Rays / Sec     Test Rays / Sec       [0m
-------------------------------------------------------------------------------------------------------- [0m
1270 (42.33%)       85.513 ms            2 m, 27 s            34.50 M                                    [0m
1280 (42.67%)       89.221 ms            2 m, 33 s            36.57 M                                    [0m
1290 (43.00%)       99.762 ms            2 m, 50 s            37.02 M                                    [0m
1300 (43.33%)       105.792 ms           2 m, 59 s            34.56 M                                    [0m
1310 (43.67%)       111.261 ms           3 m, 8 s             33.51 M                                    [0m
1320 (44.00%)       118.974 ms           3 m, 19 s            36.08 M                                    [0m
1330 (44.33%)       102.690 ms           2 m, 51 s            41.47 M                                    [0m
1340 (44.67%)       81.991 ms            2 m, 16 s            39.51 M                                    [0m
1350 (45.00%)       86.090 ms            2 m, 22 s            33.95 M                                    [0m
1360 (45.33%)       83.989 ms            2 m, 17 s            35.11 M                                    [0m

[12A[1K
Step (% Done)       Train Iter (time)    ETA (time)           Train Rays / Sec     Test Rays / Sec       [0m
-------------------------------------------------------------------------------------------------------- [0m
1280 (42.67%)       89.221 ms            2 m, 33 s            36.57 M                                    [0m
1290 (43.00%)       99.762 ms            2 m, 50 s            37.02 M                                    [0m
1300 (43.33%)       105.792 ms           2 m, 59 s            34.56 M                                    [0m
1310 (43.67%)       111.261 ms           3 m, 8 s             33.51 M                                    [0m
1320 (44.00%)       118.974 ms           3 m, 19 s            36.08 M                                    [0m
1330 (44.33%)       102.690 ms           2 m, 51 s            41.47 M                                    [0m
1340 (44.67%)       81.991 ms            2 m, 16 s            39.51 M                                    [0m
1350 (45.00%)       86.090 ms            2 m, 22 s            33.95 M                                    [0m
1360 (45.33%)       83.989 ms            2 m, 17 s            35.11 M                                    [0m
1370 (45.67%)       71.405 ms            1 m, 56 s            36.58 M                                    [0m

[12A[1K
Step (% Done)       Train Iter (time)    ETA (time)           Train Rays / Sec     Test Rays / Sec       [0m
-------------------------------------------------------------------------------------------------------- [0m
1290 (43.00%)       99.762 ms            2 m, 50 s            37.02 M                                    [0m
1300 (43.33%)       105.792 ms           2 m, 59 s            34.56 M                                    [0m
1310 (43.67%)       111.261 ms           3 m, 8 s             33.51 M                                    [0m
1320 (44.00%)       118.974 ms           3 m, 19 s            36.08 M                                    [0m
1330 (44.33%)       102.690 ms           2 m, 51 s            41.47 M                                    [0m
1340 (44.67%)       81.991 ms            2 m, 16 s            39.51 M                                    [0m
1350 (45.00%)       86.090 ms            2 m, 22 s            33.95 M                                    [0m
1360 (45.33%)       83.989 ms            2 m, 17 s            35.11 M                                    [0m
1370 (45.67%)       71.405 ms            1 m, 56 s            36.58 M                                    [0m
1380 (46.00%)       103.710 ms           2 m, 48 s            33.34 M                                    [0m

[12A[1K
Step (% Done)       Train Iter (time)    ETA (time)           Train Rays / Sec     Test Rays / Sec       [0m
-------------------------------------------------------------------------------------------------------- [0m
1300 (43.33%)       105.792 ms           2 m, 59 s            34.56 M                                    [0m
1310 (43.67%)       111.261 ms           3 m, 8 s             33.51 M                                    [0m
1320 (44.00%)       118.974 ms           3 m, 19 s            36.08 M                                    [0m
1330 (44.33%)       102.690 ms           2 m, 51 s            41.47 M                                    [0m
1340 (44.67%)       81.991 ms            2 m, 16 s            39.51 M                                    [0m
1350 (45.00%)       86.090 ms            2 m, 22 s            33.95 M                                    [0m
1360 (45.33%)       83.989 ms            2 m, 17 s            35.11 M                                    [0m
1370 (45.67%)       71.405 ms            1 m, 56 s            36.58 M                                    [0m
1380 (46.00%)       103.710 ms           2 m, 48 s            33.34 M                                    [0m
1390 (46.33%)       112.770 ms           3 m, 1 s             33.57 M                                    [0m
Step 1400: Relocated 109532 GSs.
Step 1400: Added 192368 GSs. Now having 4039740 GSs.

[12A[1K
Step (% Done)       Train Iter (time)    ETA (time)           Train Rays / Sec     Test Rays / Sec       [0m
-------------------------------------------------------------------------------------------------------- [0m
1310 (43.67%)       111.261 ms           3 m, 8 s             33.51 M                                    [0m
1320 (44.00%)       118.974 ms           3 m, 19 s            36.08 M                                    [0m
1330 (44.33%)       102.690 ms           2 m, 51 s            41.47 M                                    [0m
1340 (44.67%)       81.991 ms            2 m, 16 s            39.51 M                                    [0m
1350 (45.00%)       86.090 ms            2 m, 22 s            33.95 M                                    [0m
1360 (45.33%)       83.989 ms            2 m, 17 s            35.11 M                                    [0m
1370 (45.67%)       71.405 ms            1 m, 56 s            36.58 M                                    [0m
1380 (46.00%)       103.710 ms           2 m, 48 s            33.34 M                                    [0m
1390 (46.33%)       112.770 ms           3 m, 1 s             33.57 M                                    [0m
1400 (46.67%)       103.111 ms           2 m, 44 s            30.04 M                                    [0m

[12A[1K
Step (% Done)       Train Iter (time)    ETA (time)           Train Rays / Sec     Test Rays / Sec       [0m
-------------------------------------------------------------------------------------------------------- [0m
1320 (44.00%)       118.974 ms           3 m, 19 s            36.08 M                                    [0m
1330 (44.33%)       102.690 ms           2 m, 51 s            41.47 M                                    [0m
1340 (44.67%)       81.991 ms            2 m, 16 s            39.51 M                                    [0m
1350 (45.00%)       86.090 ms            2 m, 22 s            33.95 M                                    [0m
1360 (45.33%)       83.989 ms            2 m, 17 s            35.11 M                                    [0m
1370 (45.67%)       71.405 ms            1 m, 56 s            36.58 M                                    [0m
1380 (46.00%)       103.710 ms           2 m, 48 s            33.34 M                                    [0m
1390 (46.33%)       112.770 ms           3 m, 1 s             33.57 M                                    [0m
1400 (46.67%)       103.111 ms           2 m, 44 s            30.04 M                                    [0m
1410 (47.00%)       98.182 ms            2 m, 36 s            28.88 M                                    [0m

[12A[1K
Step (% Done)       Train Iter (time)    ETA (time)           Train Rays / Sec     Test Rays / Sec       [0m
-------------------------------------------------------------------------------------------------------- [0m
1330 (44.33%)       102.690 ms           2 m, 51 s            41.47 M                                    [0m
1340 (44.67%)       81.991 ms            2 m, 16 s            39.51 M                                    [0m
1350 (45.00%)       86.090 ms            2 m, 22 s            33.95 M                                    [0m
1360 (45.33%)       83.989 ms            2 m, 17 s            35.11 M                                    [0m
1370 (45.67%)       71.405 ms            1 m, 56 s            36.58 M                                    [0m
1380 (46.00%)       103.710 ms           2 m, 48 s            33.34 M                                    [0m
1390 (46.33%)       112.770 ms           3 m, 1 s             33.57 M                                    [0m
1400 (46.67%)       103.111 ms           2 m, 44 s            30.04 M                                    [0m
1410 (47.00%)       98.182 ms            2 m, 36 s            28.88 M                                    [0m
1420 (47.33%)       84.924 ms            2 m, 14 s            33.48 M                                    [0m

[12A[1K
Step (% Done)       Train Iter (time)    ETA (time)           Train Rays / Sec     Test Rays / Sec       [0m
-------------------------------------------------------------------------------------------------------- [0m
1340 (44.67%)       81.991 ms            2 m, 16 s            39.51 M                                    [0m
1350 (45.00%)       86.090 ms            2 m, 22 s            33.95 M                                    [0m
1360 (45.33%)       83.989 ms            2 m, 17 s            35.11 M                                    [0m
1370 (45.67%)       71.405 ms            1 m, 56 s            36.58 M                                    [0m
1380 (46.00%)       103.710 ms           2 m, 48 s            33.34 M                                    [0m
1390 (46.33%)       112.770 ms           3 m, 1 s             33.57 M                                    [0m
1400 (46.67%)       103.111 ms           2 m, 44 s            30.04 M                                    [0m
1410 (47.00%)       98.182 ms            2 m, 36 s            28.88 M                                    [0m
1420 (47.33%)       84.924 ms            2 m, 14 s            33.48 M                                    [0m
1430 (47.67%)       105.057 ms           2 m, 44 s            32.94 M                                    [0m

[12A[1K
Step (% Done)       Train Iter (time)    ETA (time)           Train Rays / Sec     Test Rays / Sec       [0m
-------------------------------------------------------------------------------------------------------- [0m
1350 (45.00%)       86.090 ms            2 m, 22 s            33.95 M                                    [0m
1360 (45.33%)       83.989 ms            2 m, 17 s            35.11 M                                    [0m
1370 (45.67%)       71.405 ms            1 m, 56 s            36.58 M                                    [0m
1380 (46.00%)       103.710 ms           2 m, 48 s            33.34 M                                    [0m
1390 (46.33%)       112.770 ms           3 m, 1 s             33.57 M                                    [0m
1400 (46.67%)       103.111 ms           2 m, 44 s            30.04 M                                    [0m
1410 (47.00%)       98.182 ms            2 m, 36 s            28.88 M                                    [0m
1420 (47.33%)       84.924 ms            2 m, 14 s            33.48 M                                    [0m
1430 (47.67%)       105.057 ms           2 m, 44 s            32.94 M                                    [0m
1440 (48.00%)       96.784 ms            2 m, 30 s            32.50 M                                    [0m

[12A[1K
Step (% Done)       Train Iter (time)    ETA (time)           Train Rays / Sec     Test Rays / Sec       [0m
-------------------------------------------------------------------------------------------------------- [0m
1360 (45.33%)       83.989 ms            2 m, 17 s            35.11 M                                    [0m
1370 (45.67%)       71.405 ms            1 m, 56 s            36.58 M                                    [0m
1380 (46.00%)       103.710 ms           2 m, 48 s            33.34 M                                    [0m
1390 (46.33%)       112.770 ms           3 m, 1 s             33.57 M                                    [0m
1400 (46.67%)       103.111 ms           2 m, 44 s            30.04 M                                    [0m
1410 (47.00%)       98.182 ms            2 m, 36 s            28.88 M                                    [0m
1420 (47.33%)       84.924 ms            2 m, 14 s            33.48 M                                    [0m
1430 (47.67%)       105.057 ms           2 m, 44 s            32.94 M                                    [0m
1440 (48.00%)       96.784 ms            2 m, 30 s            32.50 M                                    [0m
1450 (48.33%)       76.174 ms            1 m, 58 s            34.63 M                                    [0m

[12A[1K
Step (% Done)       Train Iter (time)    ETA (time)           Train Rays / Sec     Test Rays / Sec       [0m
-------------------------------------------------------------------------------------------------------- [0m
1370 (45.67%)       71.405 ms            1 m, 56 s            36.58 M                                    [0m
1380 (46.00%)       103.710 ms           2 m, 48 s            33.34 M                                    [0m
1390 (46.33%)       112.770 ms           3 m, 1 s             33.57 M                                    [0m
1400 (46.67%)       103.111 ms           2 m, 44 s            30.04 M                                    [0m
1410 (47.00%)       98.182 ms            2 m, 36 s            28.88 M                                    [0m
1420 (47.33%)       84.924 ms            2 m, 14 s            33.48 M                                    [0m
1430 (47.67%)       105.057 ms           2 m, 44 s            32.94 M                                    [0m
1440 (48.00%)       96.784 ms            2 m, 30 s            32.50 M                                    [0m
1450 (48.33%)       76.174 ms            1 m, 58 s            34.63 M                                    [0m
1460 (48.67%)       114.828 ms           2 m, 56 s            35.10 M                                    [0m

[12A[1K
Step (% Done)       Train Iter (time)    ETA (time)           Train Rays / Sec     Test Rays / Sec       [0m
-------------------------------------------------------------------------------------------------------- [0m
1380 (46.00%)       103.710 ms           2 m, 48 s            33.34 M                                    [0m
1390 (46.33%)       112.770 ms           3 m, 1 s             33.57 M                                    [0m
1400 (46.67%)       103.111 ms           2 m, 44 s            30.04 M                                    [0m
1410 (47.00%)       98.182 ms            2 m, 36 s            28.88 M                                    [0m
1420 (47.33%)       84.924 ms            2 m, 14 s            33.48 M                                    [0m
1430 (47.67%)       105.057 ms           2 m, 44 s            32.94 M                                    [0m
1440 (48.00%)       96.784 ms            2 m, 30 s            32.50 M                                    [0m
1450 (48.33%)       76.174 ms            1 m, 58 s            34.63 M                                    [0m
1460 (48.67%)       114.828 ms           2 m, 56 s            35.10 M                                    [0m
1470 (49.00%)       102.005 ms           2 m, 36 s            37.98 M                                    [0m

[12A[1K
Step (% Done)       Train Iter (time)    ETA (time)           Train Rays / Sec     Test Rays / Sec       [0m
-------------------------------------------------------------------------------------------------------- [0m
1390 (46.33%)       112.770 ms           3 m, 1 s             33.57 M                                    [0m
1400 (46.67%)       103.111 ms           2 m, 44 s            30.04 M                                    [0m
1410 (47.00%)       98.182 ms            2 m, 36 s            28.88 M                                    [0m
1420 (47.33%)       84.924 ms            2 m, 14 s            33.48 M                                    [0m
1430 (47.67%)       105.057 ms           2 m, 44 s            32.94 M                                    [0m
1440 (48.00%)       96.784 ms            2 m, 30 s            32.50 M                                    [0m
1450 (48.33%)       76.174 ms            1 m, 58 s            34.63 M                                    [0m
1460 (48.67%)       114.828 ms           2 m, 56 s            35.10 M                                    [0m
1470 (49.00%)       102.005 ms           2 m, 36 s            37.98 M                                    [0m
1480 (49.33%)       86.738 ms            2 m, 11 s            35.32 M                                    [0m

[12A[1K
Step (% Done)       Train Iter (time)    ETA (time)           Train Rays / Sec     Test Rays / Sec       [0m
-------------------------------------------------------------------------------------------------------- [0m
1400 (46.67%)       103.111 ms           2 m, 44 s            30.04 M                                    [0m
1410 (47.00%)       98.182 ms            2 m, 36 s            28.88 M                                    [0m
1420 (47.33%)       84.924 ms            2 m, 14 s            33.48 M                                    [0m
1430 (47.67%)       105.057 ms           2 m, 44 s            32.94 M                                    [0m
1440 (48.00%)       96.784 ms            2 m, 30 s            32.50 M                                    [0m
1450 (48.33%)       76.174 ms            1 m, 58 s            34.63 M                                    [0m
1460 (48.67%)       114.828 ms           2 m, 56 s            35.10 M                                    [0m
1470 (49.00%)       102.005 ms           2 m, 36 s            37.98 M                                    [0m
1480 (49.33%)       86.738 ms            2 m, 11 s            35.32 M                                    [0m
1490 (49.67%)       132.544 ms           3 m, 20 s            30.62 M                                    [0m
Step 1500: Relocated 120513 GSs.
Step 1500: Added 201987 GSs. Now having 4241727 GSs.

[12A[1K
Step (% Done)       Train Iter (time)    ETA (time)           Train Rays / Sec     Test Rays / Sec       [0m
-------------------------------------------------------------------------------------------------------- [0m
1410 (47.00%)       98.182 ms            2 m, 36 s            28.88 M                                    [0m
1420 (47.33%)       84.924 ms            2 m, 14 s            33.48 M                                    [0m
1430 (47.67%)       105.057 ms           2 m, 44 s            32.94 M                                    [0m
1440 (48.00%)       96.784 ms            2 m, 30 s            32.50 M                                    [0m
1450 (48.33%)       76.174 ms            1 m, 58 s            34.63 M                                    [0m
1460 (48.67%)       114.828 ms           2 m, 56 s            35.10 M                                    [0m
1470 (49.00%)       102.005 ms           2 m, 36 s            37.98 M                                    [0m
1480 (49.33%)       86.738 ms            2 m, 11 s            35.32 M                                    [0m
1490 (49.67%)       132.544 ms           3 m, 20 s            30.62 M                                    [0m
1500 (50.00%)       139.411 ms           3 m, 29 s            33.25 M              585.57 K              [0m

[12A[1K
Step (% Done)       Train Iter (time)    ETA (time)           Train Rays / Sec     Test Rays / Sec       [0m
-------------------------------------------------------------------------------------------------------- [0m
1420 (47.33%)       84.924 ms            2 m, 14 s            33.48 M                                    [0m
1430 (47.67%)       105.057 ms           2 m, 44 s            32.94 M                                    [0m
1440 (48.00%)       96.784 ms            2 m, 30 s            32.50 M                                    [0m
1450 (48.33%)       76.174 ms            1 m, 58 s            34.63 M                                    [0m
1460 (48.67%)       114.828 ms           2 m, 56 s            35.10 M                                    [0m
1470 (49.00%)       102.005 ms           2 m, 36 s            37.98 M                                    [0m
1480 (49.33%)       86.738 ms            2 m, 11 s            35.32 M                                    [0m
1490 (49.67%)       132.544 ms           3 m, 20 s            30.62 M                                    [0m
1500 (50.00%)       139.411 ms           3 m, 29 s            33.25 M              585.57 K              [0m
1510 (50.33%)       153.283 ms           3 m, 48 s            33.45 M                                    [0m

[12A[1K
Step (% Done)       Train Iter (time)    ETA (time)           Train Rays / Sec     Test Rays / Sec       [0m
-------------------------------------------------------------------------------------------------------- [0m
1430 (47.67%)       105.057 ms           2 m, 44 s            32.94 M                                    [0m
1440 (48.00%)       96.784 ms            2 m, 30 s            32.50 M                                    [0m
1450 (48.33%)       76.174 ms            1 m, 58 s            34.63 M                                    [0m
1460 (48.67%)       114.828 ms           2 m, 56 s            35.10 M                                    [0m
1470 (49.00%)       102.005 ms           2 m, 36 s            37.98 M                                    [0m
1480 (49.33%)       86.738 ms            2 m, 11 s            35.32 M                                    [0m
1490 (49.67%)       132.544 ms           3 m, 20 s            30.62 M                                    [0m
1500 (50.00%)       139.411 ms           3 m, 29 s            33.25 M              585.57 K              [0m
1510 (50.33%)       153.283 ms           3 m, 48 s            33.45 M                                    [0m
1520 (50.67%)       118.200 ms           2 m, 54 s            36.75 M                                    [0m

[12A[1K
Step (% Done)       Train Iter (time)    ETA (time)           Train Rays / Sec     Test Rays / Sec       [0m
-------------------------------------------------------------------------------------------------------- [0m
1440 (48.00%)       96.784 ms            2 m, 30 s            32.50 M                                    [0m
1450 (48.33%)       76.174 ms            1 m, 58 s            34.63 M                                    [0m
1460 (48.67%)       114.828 ms           2 m, 56 s            35.10 M                                    [0m
1470 (49.00%)       102.005 ms           2 m, 36 s            37.98 M                                    [0m
1480 (49.33%)       86.738 ms            2 m, 11 s            35.32 M                                    [0m
1490 (49.67%)       132.544 ms           3 m, 20 s            30.62 M                                    [0m
1500 (50.00%)       139.411 ms           3 m, 29 s            33.25 M              585.57 K              [0m
1510 (50.33%)       153.283 ms           3 m, 48 s            33.45 M                                    [0m
1520 (50.67%)       118.200 ms           2 m, 54 s            36.75 M                                    [0m
1530 (51.00%)       80.128 ms            1 m, 57 s            34.55 M                                    [0m

[12A[1K
Step (% Done)       Train Iter (time)    ETA (time)           Train Rays / Sec     Test Rays / Sec       [0m
-------------------------------------------------------------------------------------------------------- [0m
1450 (48.33%)       76.174 ms            1 m, 58 s            34.63 M                                    [0m
1460 (48.67%)       114.828 ms           2 m, 56 s            35.10 M                                    [0m
1470 (49.00%)       102.005 ms           2 m, 36 s            37.98 M                                    [0m
1480 (49.33%)       86.738 ms            2 m, 11 s            35.32 M                                    [0m
1490 (49.67%)       132.544 ms           3 m, 20 s            30.62 M                                    [0m
1500 (50.00%)       139.411 ms           3 m, 29 s            33.25 M              585.57 K              [0m
1510 (50.33%)       153.283 ms           3 m, 48 s            33.45 M                                    [0m
1520 (50.67%)       118.200 ms           2 m, 54 s            36.75 M                                    [0m
1530 (51.00%)       80.128 ms            1 m, 57 s            34.55 M                                    [0m
1540 (51.33%)       98.756 ms            2 m, 24 s            26.85 M                                    [0m

[12A[1K
Step (% Done)       Train Iter (time)    ETA (time)           Train Rays / Sec     Test Rays / Sec       [0m
-------------------------------------------------------------------------------------------------------- [0m
1460 (48.67%)       114.828 ms           2 m, 56 s            35.10 M                                    [0m
1470 (49.00%)       102.005 ms           2 m, 36 s            37.98 M                                    [0m
1480 (49.33%)       86.738 ms            2 m, 11 s            35.32 M                                    [0m
1490 (49.67%)       132.544 ms           3 m, 20 s            30.62 M                                    [0m
1500 (50.00%)       139.411 ms           3 m, 29 s            33.25 M              585.57 K              [0m
1510 (50.33%)       153.283 ms           3 m, 48 s            33.45 M                                    [0m
1520 (50.67%)       118.200 ms           2 m, 54 s            36.75 M                                    [0m
1530 (51.00%)       80.128 ms            1 m, 57 s            34.55 M                                    [0m
1540 (51.33%)       98.756 ms            2 m, 24 s            26.85 M                                    [0m
1550 (51.67%)       101.371 ms           2 m, 26 s            24.50 M                                    [0m

[12A[1K
Step (% Done)       Train Iter (time)    ETA (time)           Train Rays / Sec     Test Rays / Sec       [0m
-------------------------------------------------------------------------------------------------------- [0m
1470 (49.00%)       102.005 ms           2 m, 36 s            37.98 M                                    [0m
1480 (49.33%)       86.738 ms            2 m, 11 s            35.32 M                                    [0m
1490 (49.67%)       132.544 ms           3 m, 20 s            30.62 M                                    [0m
1500 (50.00%)       139.411 ms           3 m, 29 s            33.25 M              585.57 K              [0m
1510 (50.33%)       153.283 ms           3 m, 48 s            33.45 M                                    [0m
1520 (50.67%)       118.200 ms           2 m, 54 s            36.75 M                                    [0m
1530 (51.00%)       80.128 ms            1 m, 57 s            34.55 M                                    [0m
1540 (51.33%)       98.756 ms            2 m, 24 s            26.85 M                                    [0m
1550 (51.67%)       101.371 ms           2 m, 26 s            24.50 M                                    [0m
1560 (52.00%)       89.180 ms            2 m, 8 s             29.02 M                                    [0m

[12A[1K
Step (% Done)       Train Iter (time)    ETA (time)           Train Rays / Sec     Test Rays / Sec       [0m
-------------------------------------------------------------------------------------------------------- [0m
1480 (49.33%)       86.738 ms            2 m, 11 s            35.32 M                                    [0m
1490 (49.67%)       132.544 ms           3 m, 20 s            30.62 M                                    [0m
1500 (50.00%)       139.411 ms           3 m, 29 s            33.25 M              585.57 K              [0m
1510 (50.33%)       153.283 ms           3 m, 48 s            33.45 M                                    [0m
1520 (50.67%)       118.200 ms           2 m, 54 s            36.75 M                                    [0m
1530 (51.00%)       80.128 ms            1 m, 57 s            34.55 M                                    [0m
1540 (51.33%)       98.756 ms            2 m, 24 s            26.85 M                                    [0m
1550 (51.67%)       101.371 ms           2 m, 26 s            24.50 M                                    [0m
1560 (52.00%)       89.180 ms            2 m, 8 s             29.02 M                                    [0m
1570 (52.33%)       60.431 ms            1 m, 26 s            40.00 M                                    [0m

[12A[1K
Step (% Done)       Train Iter (time)    ETA (time)           Train Rays / Sec     Test Rays / Sec       [0m
-------------------------------------------------------------------------------------------------------- [0m
1490 (49.67%)       132.544 ms           3 m, 20 s            30.62 M                                    [0m
1500 (50.00%)       139.411 ms           3 m, 29 s            33.25 M              585.57 K              [0m
1510 (50.33%)       153.283 ms           3 m, 48 s            33.45 M                                    [0m
1520 (50.67%)       118.200 ms           2 m, 54 s            36.75 M                                    [0m
1530 (51.00%)       80.128 ms            1 m, 57 s            34.55 M                                    [0m
1540 (51.33%)       98.756 ms            2 m, 24 s            26.85 M                                    [0m
1550 (51.67%)       101.371 ms           2 m, 26 s            24.50 M                                    [0m
1560 (52.00%)       89.180 ms            2 m, 8 s             29.02 M                                    [0m
1570 (52.33%)       60.431 ms            1 m, 26 s            40.00 M                                    [0m
1580 (52.67%)       76.025 ms            1 m, 47 s            39.99 M                                    [0m

[12A[1K
Step (% Done)       Train Iter (time)    ETA (time)           Train Rays / Sec     Test Rays / Sec       [0m
-------------------------------------------------------------------------------------------------------- [0m
1500 (50.00%)       139.411 ms           3 m, 29 s            33.25 M              585.57 K              [0m
1510 (50.33%)       153.283 ms           3 m, 48 s            33.45 M                                    [0m
1520 (50.67%)       118.200 ms           2 m, 54 s            36.75 M                                    [0m
1530 (51.00%)       80.128 ms            1 m, 57 s            34.55 M                                    [0m
1540 (51.33%)       98.756 ms            2 m, 24 s            26.85 M                                    [0m
1550 (51.67%)       101.371 ms           2 m, 26 s            24.50 M                                    [0m
1560 (52.00%)       89.180 ms            2 m, 8 s             29.02 M                                    [0m
1570 (52.33%)       60.431 ms            1 m, 26 s            40.00 M                                    [0m
1580 (52.67%)       76.025 ms            1 m, 47 s            39.99 M                                    [0m
1590 (53.00%)       107.313 ms           2 m, 31 s            32.69 M                                    [0m
Step 1600: Relocated 106702 GSs.
Step 1600: Added 212086 GSs. Now having 4453813 GSs.

[12A[1K
Step (% Done)       Train Iter (time)    ETA (time)           Train Rays / Sec     Test Rays / Sec       [0m
-------------------------------------------------------------------------------------------------------- [0m
1510 (50.33%)       153.283 ms           3 m, 48 s            33.45 M                                    [0m
1520 (50.67%)       118.200 ms           2 m, 54 s            36.75 M                                    [0m
1530 (51.00%)       80.128 ms            1 m, 57 s            34.55 M                                    [0m
1540 (51.33%)       98.756 ms            2 m, 24 s            26.85 M                                    [0m
1550 (51.67%)       101.371 ms           2 m, 26 s            24.50 M                                    [0m
1560 (52.00%)       89.180 ms            2 m, 8 s             29.02 M                                    [0m
1570 (52.33%)       60.431 ms            1 m, 26 s            40.00 M                                    [0m
1580 (52.67%)       76.025 ms            1 m, 47 s            39.99 M                                    [0m
1590 (53.00%)       107.313 ms           2 m, 31 s            32.69 M                                    [0m
1600 (53.33%)       127.388 ms           2 m, 58 s            30.06 M                                    [0m

[12A[1K
Step (% Done)       Train Iter (time)    ETA (time)           Train Rays / Sec     Test Rays / Sec       [0m
-------------------------------------------------------------------------------------------------------- [0m
1520 (50.67%)       118.200 ms           2 m, 54 s            36.75 M                                    [0m
1530 (51.00%)       80.128 ms            1 m, 57 s            34.55 M                                    [0m
1540 (51.33%)       98.756 ms            2 m, 24 s            26.85 M                                    [0m
1550 (51.67%)       101.371 ms           2 m, 26 s            24.50 M                                    [0m
1560 (52.00%)       89.180 ms            2 m, 8 s             29.02 M                                    [0m
1570 (52.33%)       60.431 ms            1 m, 26 s            40.00 M                                    [0m
1580 (52.67%)       76.025 ms            1 m, 47 s            39.99 M                                    [0m
1590 (53.00%)       107.313 ms           2 m, 31 s            32.69 M                                    [0m
1600 (53.33%)       127.388 ms           2 m, 58 s            30.06 M                                    [0m
1610 (53.67%)       120.339 ms           2 m, 47 s            31.90 M                                    [0m

[12A[1K
Step (% Done)       Train Iter (time)    ETA (time)           Train Rays / Sec     Test Rays / Sec       [0m
-------------------------------------------------------------------------------------------------------- [0m
1530 (51.00%)       80.128 ms            1 m, 57 s            34.55 M                                    [0m
1540 (51.33%)       98.756 ms            2 m, 24 s            26.85 M                                    [0m
1550 (51.67%)       101.371 ms           2 m, 26 s            24.50 M                                    [0m
1560 (52.00%)       89.180 ms            2 m, 8 s             29.02 M                                    [0m
1570 (52.33%)       60.431 ms            1 m, 26 s            40.00 M                                    [0m
1580 (52.67%)       76.025 ms            1 m, 47 s            39.99 M                                    [0m
1590 (53.00%)       107.313 ms           2 m, 31 s            32.69 M                                    [0m
1600 (53.33%)       127.388 ms           2 m, 58 s            30.06 M                                    [0m
1610 (53.67%)       120.339 ms           2 m, 47 s            31.90 M                                    [0m
1620 (54.00%)       126.825 ms           2 m, 55 s            29.84 M                                    [0m

[12A[1K
Step (% Done)       Train Iter (time)    ETA (time)           Train Rays / Sec     Test Rays / Sec       [0m
-------------------------------------------------------------------------------------------------------- [0m
1540 (51.33%)       98.756 ms            2 m, 24 s            26.85 M                                    [0m
1550 (51.67%)       101.371 ms           2 m, 26 s            24.50 M                                    [0m
1560 (52.00%)       89.180 ms            2 m, 8 s             29.02 M                                    [0m
1570 (52.33%)       60.431 ms            1 m, 26 s            40.00 M                                    [0m
1580 (52.67%)       76.025 ms            1 m, 47 s            39.99 M                                    [0m
1590 (53.00%)       107.313 ms           2 m, 31 s            32.69 M                                    [0m
1600 (53.33%)       127.388 ms           2 m, 58 s            30.06 M                                    [0m
1610 (53.67%)       120.339 ms           2 m, 47 s            31.90 M                                    [0m
1620 (54.00%)       126.825 ms           2 m, 55 s            29.84 M                                    [0m
1630 (54.33%)       127.383 ms           2 m, 54 s            28.74 M                                    [0m

[12A[1K
Step (% Done)       Train Iter (time)    ETA (time)           Train Rays / Sec     Test Rays / Sec       [0m
-------------------------------------------------------------------------------------------------------- [0m
1550 (51.67%)       101.371 ms           2 m, 26 s            24.50 M                                    [0m
1560 (52.00%)       89.180 ms            2 m, 8 s             29.02 M                                    [0m
1570 (52.33%)       60.431 ms            1 m, 26 s            40.00 M                                    [0m
1580 (52.67%)       76.025 ms            1 m, 47 s            39.99 M                                    [0m
1590 (53.00%)       107.313 ms           2 m, 31 s            32.69 M                                    [0m
1600 (53.33%)       127.388 ms           2 m, 58 s            30.06 M                                    [0m
1610 (53.67%)       120.339 ms           2 m, 47 s            31.90 M                                    [0m
1620 (54.00%)       126.825 ms           2 m, 55 s            29.84 M                                    [0m
1630 (54.33%)       127.383 ms           2 m, 54 s            28.74 M                                    [0m
1640 (54.67%)       110.363 ms           2 m, 30 s            29.66 M                                    [0m

[12A[1K
Step (% Done)       Train Iter (time)    ETA (time)           Train Rays / Sec     Test Rays / Sec       [0m
-------------------------------------------------------------------------------------------------------- [0m
1560 (52.00%)       89.180 ms            2 m, 8 s             29.02 M                                    [0m
1570 (52.33%)       60.431 ms            1 m, 26 s            40.00 M                                    [0m
1580 (52.67%)       76.025 ms            1 m, 47 s            39.99 M                                    [0m
1590 (53.00%)       107.313 ms           2 m, 31 s            32.69 M                                    [0m
1600 (53.33%)       127.388 ms           2 m, 58 s            30.06 M                                    [0m
1610 (53.67%)       120.339 ms           2 m, 47 s            31.90 M                                    [0m
1620 (54.00%)       126.825 ms           2 m, 55 s            29.84 M                                    [0m
1630 (54.33%)       127.383 ms           2 m, 54 s            28.74 M                                    [0m
1640 (54.67%)       110.363 ms           2 m, 30 s            29.66 M                                    [0m
1650 (55.00%)       115.206 ms           2 m, 35 s            27.89 M                                    [0m

[12A[1K
Step (% Done)       Train Iter (time)    ETA (time)           Train Rays / Sec     Test Rays / Sec       [0m
-------------------------------------------------------------------------------------------------------- [0m
1570 (52.33%)       60.431 ms            1 m, 26 s            40.00 M                                    [0m
1580 (52.67%)       76.025 ms            1 m, 47 s            39.99 M                                    [0m
1590 (53.00%)       107.313 ms           2 m, 31 s            32.69 M                                    [0m
1600 (53.33%)       127.388 ms           2 m, 58 s            30.06 M                                    [0m
1610 (53.67%)       120.339 ms           2 m, 47 s            31.90 M                                    [0m
1620 (54.00%)       126.825 ms           2 m, 55 s            29.84 M                                    [0m
1630 (54.33%)       127.383 ms           2 m, 54 s            28.74 M                                    [0m
1640 (54.67%)       110.363 ms           2 m, 30 s            29.66 M                                    [0m
1650 (55.00%)       115.206 ms           2 m, 35 s            27.89 M                                    [0m
1660 (55.33%)       126.731 ms           2 m, 49 s            31.67 M                                    [0m

[12A[1K
Step (% Done)       Train Iter (time)    ETA (time)           Train Rays / Sec     Test Rays / Sec       [0m
-------------------------------------------------------------------------------------------------------- [0m
1580 (52.67%)       76.025 ms            1 m, 47 s            39.99 M                                    [0m
1590 (53.00%)       107.313 ms           2 m, 31 s            32.69 M                                    [0m
1600 (53.33%)       127.388 ms           2 m, 58 s            30.06 M                                    [0m
1610 (53.67%)       120.339 ms           2 m, 47 s            31.90 M                                    [0m
1620 (54.00%)       126.825 ms           2 m, 55 s            29.84 M                                    [0m
1630 (54.33%)       127.383 ms           2 m, 54 s            28.74 M                                    [0m
1640 (54.67%)       110.363 ms           2 m, 30 s            29.66 M                                    [0m
1650 (55.00%)       115.206 ms           2 m, 35 s            27.89 M                                    [0m
1660 (55.33%)       126.731 ms           2 m, 49 s            31.67 M                                    [0m
1670 (55.67%)       115.703 ms           2 m, 33 s            30.60 M                                    [0m

[12A[1K
Step (% Done)       Train Iter (time)    ETA (time)           Train Rays / Sec     Test Rays / Sec       [0m
-------------------------------------------------------------------------------------------------------- [0m
1590 (53.00%)       107.313 ms           2 m, 31 s            32.69 M                                    [0m
1600 (53.33%)       127.388 ms           2 m, 58 s            30.06 M                                    [0m
1610 (53.67%)       120.339 ms           2 m, 47 s            31.90 M                                    [0m
1620 (54.00%)       126.825 ms           2 m, 55 s            29.84 M                                    [0m
1630 (54.33%)       127.383 ms           2 m, 54 s            28.74 M                                    [0m
1640 (54.67%)       110.363 ms           2 m, 30 s            29.66 M                                    [0m
1650 (55.00%)       115.206 ms           2 m, 35 s            27.89 M                                    [0m
1660 (55.33%)       126.731 ms           2 m, 49 s            31.67 M                                    [0m
1670 (55.67%)       115.703 ms           2 m, 33 s            30.60 M                                    [0m
1680 (56.00%)       110.137 ms           2 m, 25 s            24.79 M                                    [0m

[12A[1K
Step (% Done)       Train Iter (time)    ETA (time)           Train Rays / Sec     Test Rays / Sec       [0m
-------------------------------------------------------------------------------------------------------- [0m
1600 (53.33%)       127.388 ms           2 m, 58 s            30.06 M                                    [0m
1610 (53.67%)       120.339 ms           2 m, 47 s            31.90 M                                    [0m
1620 (54.00%)       126.825 ms           2 m, 55 s            29.84 M                                    [0m
1630 (54.33%)       127.383 ms           2 m, 54 s            28.74 M                                    [0m
1640 (54.67%)       110.363 ms           2 m, 30 s            29.66 M                                    [0m
1650 (55.00%)       115.206 ms           2 m, 35 s            27.89 M                                    [0m
1660 (55.33%)       126.731 ms           2 m, 49 s            31.67 M                                    [0m
1670 (55.67%)       115.703 ms           2 m, 33 s            30.60 M                                    [0m
1680 (56.00%)       110.137 ms           2 m, 25 s            24.79 M                                    [0m
1690 (56.33%)       144.056 ms           3 m, 8 s             27.85 M                                    [0m
Step 1700: Relocated 164194 GSs.
Step 1700: Added 222690 GSs. Now having 4676503 GSs.

[12A[1K
Step (% Done)       Train Iter (time)    ETA (time)           Train Rays / Sec     Test Rays / Sec       [0m
-------------------------------------------------------------------------------------------------------- [0m
1610 (53.67%)       120.339 ms           2 m, 47 s            31.90 M                                    [0m
1620 (54.00%)       126.825 ms           2 m, 55 s            29.84 M                                    [0m
1630 (54.33%)       127.383 ms           2 m, 54 s            28.74 M                                    [0m
1640 (54.67%)       110.363 ms           2 m, 30 s            29.66 M                                    [0m
1650 (55.00%)       115.206 ms           2 m, 35 s            27.89 M                                    [0m
1660 (55.33%)       126.731 ms           2 m, 49 s            31.67 M                                    [0m
1670 (55.67%)       115.703 ms           2 m, 33 s            30.60 M                                    [0m
1680 (56.00%)       110.137 ms           2 m, 25 s            24.79 M                                    [0m
1690 (56.33%)       144.056 ms           3 m, 8 s             27.85 M                                    [0m
1700 (56.67%)       118.038 ms           2 m, 33 s            32.76 M                                    [0m

[12A[1K
Step (% Done)       Train Iter (time)    ETA (time)           Train Rays / Sec     Test Rays / Sec       [0m
-------------------------------------------------------------------------------------------------------- [0m
1620 (54.00%)       126.825 ms           2 m, 55 s            29.84 M                                    [0m
1630 (54.33%)       127.383 ms           2 m, 54 s            28.74 M                                    [0m
1640 (54.67%)       110.363 ms           2 m, 30 s            29.66 M                                    [0m
1650 (55.00%)       115.206 ms           2 m, 35 s            27.89 M                                    [0m
1660 (55.33%)       126.731 ms           2 m, 49 s            31.67 M                                    [0m
1670 (55.67%)       115.703 ms           2 m, 33 s            30.60 M                                    [0m
1680 (56.00%)       110.137 ms           2 m, 25 s            24.79 M                                    [0m
1690 (56.33%)       144.056 ms           3 m, 8 s             27.85 M                                    [0m
1700 (56.67%)       118.038 ms           2 m, 33 s            32.76 M                                    [0m
1710 (57.00%)       73.433 ms            1 m, 34 s            33.20 M                                    [0m

[12A[1K
Step (% Done)       Train Iter (time)    ETA (time)           Train Rays / Sec     Test Rays / Sec       [0m
-------------------------------------------------------------------------------------------------------- [0m
1630 (54.33%)       127.383 ms           2 m, 54 s            28.74 M                                    [0m
1640 (54.67%)       110.363 ms           2 m, 30 s            29.66 M                                    [0m
1650 (55.00%)       115.206 ms           2 m, 35 s            27.89 M                                    [0m
1660 (55.33%)       126.731 ms           2 m, 49 s            31.67 M                                    [0m
1670 (55.67%)       115.703 ms           2 m, 33 s            30.60 M                                    [0m
1680 (56.00%)       110.137 ms           2 m, 25 s            24.79 M                                    [0m
1690 (56.33%)       144.056 ms           3 m, 8 s             27.85 M                                    [0m
1700 (56.67%)       118.038 ms           2 m, 33 s            32.76 M                                    [0m
1710 (57.00%)       73.433 ms            1 m, 34 s            33.20 M                                    [0m
1720 (57.33%)       112.911 ms           2 m, 24 s            29.10 M                                    [0m

[12A[1K
Step (% Done)       Train Iter (time)    ETA (time)           Train Rays / Sec     Test Rays / Sec       [0m
-------------------------------------------------------------------------------------------------------- [0m
1640 (54.67%)       110.363 ms           2 m, 30 s            29.66 M                                    [0m
1650 (55.00%)       115.206 ms           2 m, 35 s            27.89 M                                    [0m
1660 (55.33%)       126.731 ms           2 m, 49 s            31.67 M                                    [0m
1670 (55.67%)       115.703 ms           2 m, 33 s            30.60 M                                    [0m
1680 (56.00%)       110.137 ms           2 m, 25 s            24.79 M                                    [0m
1690 (56.33%)       144.056 ms           3 m, 8 s             27.85 M                                    [0m
1700 (56.67%)       118.038 ms           2 m, 33 s            32.76 M                                    [0m
1710 (57.00%)       73.433 ms            1 m, 34 s            33.20 M                                    [0m
1720 (57.33%)       112.911 ms           2 m, 24 s            29.10 M                                    [0m
1730 (57.67%)       136.793 ms           2 m, 53 s            28.52 M                                    [0m

[12A[1K
Step (% Done)       Train Iter (time)    ETA (time)           Train Rays / Sec     Test Rays / Sec       [0m
-------------------------------------------------------------------------------------------------------- [0m
1650 (55.00%)       115.206 ms           2 m, 35 s            27.89 M                                    [0m
1660 (55.33%)       126.731 ms           2 m, 49 s            31.67 M                                    [0m
1670 (55.67%)       115.703 ms           2 m, 33 s            30.60 M                                    [0m
1680 (56.00%)       110.137 ms           2 m, 25 s            24.79 M                                    [0m
1690 (56.33%)       144.056 ms           3 m, 8 s             27.85 M                                    [0m
1700 (56.67%)       118.038 ms           2 m, 33 s            32.76 M                                    [0m
1710 (57.00%)       73.433 ms            1 m, 34 s            33.20 M                                    [0m
1720 (57.33%)       112.911 ms           2 m, 24 s            29.10 M                                    [0m
1730 (57.67%)       136.793 ms           2 m, 53 s            28.52 M                                    [0m
1740 (58.00%)       111.684 ms           2 m, 20 s            30.03 M                                    [0m

[12A[1K
Step (% Done)       Train Iter (time)    ETA (time)           Train Rays / Sec     Test Rays / Sec       [0m
-------------------------------------------------------------------------------------------------------- [0m
1660 (55.33%)       126.731 ms           2 m, 49 s            31.67 M                                    [0m
1670 (55.67%)       115.703 ms           2 m, 33 s            30.60 M                                    [0m
1680 (56.00%)       110.137 ms           2 m, 25 s            24.79 M                                    [0m
1690 (56.33%)       144.056 ms           3 m, 8 s             27.85 M                                    [0m
1700 (56.67%)       118.038 ms           2 m, 33 s            32.76 M                                    [0m
1710 (57.00%)       73.433 ms            1 m, 34 s            33.20 M                                    [0m
1720 (57.33%)       112.911 ms           2 m, 24 s            29.10 M                                    [0m
1730 (57.67%)       136.793 ms           2 m, 53 s            28.52 M                                    [0m
1740 (58.00%)       111.684 ms           2 m, 20 s            30.03 M                                    [0m
1750 (58.33%)       95.789 ms            1 m, 59 s            32.08 M                                    [0m

[12A[1K
Step (% Done)       Train Iter (time)    ETA (time)           Train Rays / Sec     Test Rays / Sec       [0m
-------------------------------------------------------------------------------------------------------- [0m
1670 (55.67%)       115.703 ms           2 m, 33 s            30.60 M                                    [0m
1680 (56.00%)       110.137 ms           2 m, 25 s            24.79 M                                    [0m
1690 (56.33%)       144.056 ms           3 m, 8 s             27.85 M                                    [0m
1700 (56.67%)       118.038 ms           2 m, 33 s            32.76 M                                    [0m
1710 (57.00%)       73.433 ms            1 m, 34 s            33.20 M                                    [0m
1720 (57.33%)       112.911 ms           2 m, 24 s            29.10 M                                    [0m
1730 (57.67%)       136.793 ms           2 m, 53 s            28.52 M                                    [0m
1740 (58.00%)       111.684 ms           2 m, 20 s            30.03 M                                    [0m
1750 (58.33%)       95.789 ms            1 m, 59 s            32.08 M                                    [0m
1760 (58.67%)       107.289 ms           2 m, 13 s            32.42 M                                    [0m

[12A[1K
Step (% Done)       Train Iter (time)    ETA (time)           Train Rays / Sec     Test Rays / Sec       [0m
-------------------------------------------------------------------------------------------------------- [0m
1680 (56.00%)       110.137 ms           2 m, 25 s            24.79 M                                    [0m
1690 (56.33%)       144.056 ms           3 m, 8 s             27.85 M                                    [0m
1700 (56.67%)       118.038 ms           2 m, 33 s            32.76 M                                    [0m
1710 (57.00%)       73.433 ms            1 m, 34 s            33.20 M                                    [0m
1720 (57.33%)       112.911 ms           2 m, 24 s            29.10 M                                    [0m
1730 (57.67%)       136.793 ms           2 m, 53 s            28.52 M                                    [0m
1740 (58.00%)       111.684 ms           2 m, 20 s            30.03 M                                    [0m
1750 (58.33%)       95.789 ms            1 m, 59 s            32.08 M                                    [0m
1760 (58.67%)       107.289 ms           2 m, 13 s            32.42 M                                    [0m
1770 (59.00%)       115.116 ms           2 m, 21 s            30.40 M                                    [0m

[12A[1K
Step (% Done)       Train Iter (time)    ETA (time)           Train Rays / Sec     Test Rays / Sec       [0m
-------------------------------------------------------------------------------------------------------- [0m
1690 (56.33%)       144.056 ms           3 m, 8 s             27.85 M                                    [0m
1700 (56.67%)       118.038 ms           2 m, 33 s            32.76 M                                    [0m
1710 (57.00%)       73.433 ms            1 m, 34 s            33.20 M                                    [0m
1720 (57.33%)       112.911 ms           2 m, 24 s            29.10 M                                    [0m
1730 (57.67%)       136.793 ms           2 m, 53 s            28.52 M                                    [0m
1740 (58.00%)       111.684 ms           2 m, 20 s            30.03 M                                    [0m
1750 (58.33%)       95.789 ms            1 m, 59 s            32.08 M                                    [0m
1760 (58.67%)       107.289 ms           2 m, 13 s            32.42 M                                    [0m
1770 (59.00%)       115.116 ms           2 m, 21 s            30.40 M                                    [0m
1780 (59.33%)       131.604 ms           2 m, 40 s            28.84 M                                    [0m

[12A[1K
Step (% Done)       Train Iter (time)    ETA (time)           Train Rays / Sec     Test Rays / Sec       [0m
-------------------------------------------------------------------------------------------------------- [0m
1700 (56.67%)       118.038 ms           2 m, 33 s            32.76 M                                    [0m
1710 (57.00%)       73.433 ms            1 m, 34 s            33.20 M                                    [0m
1720 (57.33%)       112.911 ms           2 m, 24 s            29.10 M                                    [0m
1730 (57.67%)       136.793 ms           2 m, 53 s            28.52 M                                    [0m
1740 (58.00%)       111.684 ms           2 m, 20 s            30.03 M                                    [0m
1750 (58.33%)       95.789 ms            1 m, 59 s            32.08 M                                    [0m
1760 (58.67%)       107.289 ms           2 m, 13 s            32.42 M                                    [0m
1770 (59.00%)       115.116 ms           2 m, 21 s            30.40 M                                    [0m
1780 (59.33%)       131.604 ms           2 m, 40 s            28.84 M                                    [0m
1790 (59.67%)       138.402 ms           2 m, 47 s            27.90 M                                    [0m
Step 1800: Relocated 240101 GSs.
Step 1800: Added 233825 GSs. Now having 4910328 GSs.

[12A[1K
Step (% Done)       Train Iter (time)    ETA (time)           Train Rays / Sec     Test Rays / Sec       [0m
-------------------------------------------------------------------------------------------------------- [0m
1710 (57.00%)       73.433 ms            1 m, 34 s            33.20 M                                    [0m
1720 (57.33%)       112.911 ms           2 m, 24 s            29.10 M                                    [0m
1730 (57.67%)       136.793 ms           2 m, 53 s            28.52 M                                    [0m
1740 (58.00%)       111.684 ms           2 m, 20 s            30.03 M                                    [0m
1750 (58.33%)       95.789 ms            1 m, 59 s            32.08 M                                    [0m
1760 (58.67%)       107.289 ms           2 m, 13 s            32.42 M                                    [0m
1770 (59.00%)       115.116 ms           2 m, 21 s            30.40 M                                    [0m
1780 (59.33%)       131.604 ms           2 m, 40 s            28.84 M                                    [0m
1790 (59.67%)       138.402 ms           2 m, 47 s            27.90 M                                    [0m
1800 (60.00%)       101.149 ms           2 m, 1 s             32.95 M                                    [0m

[12A[1K
Step (% Done)       Train Iter (time)    ETA (time)           Train Rays / Sec     Test Rays / Sec       [0m
-------------------------------------------------------------------------------------------------------- [0m
1720 (57.33%)       112.911 ms           2 m, 24 s            29.10 M                                    [0m
1730 (57.67%)       136.793 ms           2 m, 53 s            28.52 M                                    [0m
1740 (58.00%)       111.684 ms           2 m, 20 s            30.03 M                                    [0m
1750 (58.33%)       95.789 ms            1 m, 59 s            32.08 M                                    [0m
1760 (58.67%)       107.289 ms           2 m, 13 s            32.42 M                                    [0m
1770 (59.00%)       115.116 ms           2 m, 21 s            30.40 M                                    [0m
1780 (59.33%)       131.604 ms           2 m, 40 s            28.84 M                                    [0m
1790 (59.67%)       138.402 ms           2 m, 47 s            27.90 M                                    [0m
1800 (60.00%)       101.149 ms           2 m, 1 s             32.95 M                                    [0m
1810 (60.33%)       114.570 ms           2 m, 16 s            32.12 M                                    [0m

[12A[1K
Step (% Done)       Train Iter (time)    ETA (time)           Train Rays / Sec     Test Rays / Sec       [0m
-------------------------------------------------------------------------------------------------------- [0m
1730 (57.67%)       136.793 ms           2 m, 53 s            28.52 M                                    [0m
1740 (58.00%)       111.684 ms           2 m, 20 s            30.03 M                                    [0m
1750 (58.33%)       95.789 ms            1 m, 59 s            32.08 M                                    [0m
1760 (58.67%)       107.289 ms           2 m, 13 s            32.42 M                                    [0m
1770 (59.00%)       115.116 ms           2 m, 21 s            30.40 M                                    [0m
1780 (59.33%)       131.604 ms           2 m, 40 s            28.84 M                                    [0m
1790 (59.67%)       138.402 ms           2 m, 47 s            27.90 M                                    [0m
1800 (60.00%)       101.149 ms           2 m, 1 s             32.95 M                                    [0m
1810 (60.33%)       114.570 ms           2 m, 16 s            32.12 M                                    [0m
1820 (60.67%)       128.967 ms           2 m, 32 s            27.02 M                                    [0m

[12A[1K
Step (% Done)       Train Iter (time)    ETA (time)           Train Rays / Sec     Test Rays / Sec       [0m
-------------------------------------------------------------------------------------------------------- [0m
1740 (58.00%)       111.684 ms           2 m, 20 s            30.03 M                                    [0m
1750 (58.33%)       95.789 ms            1 m, 59 s            32.08 M                                    [0m
1760 (58.67%)       107.289 ms           2 m, 13 s            32.42 M                                    [0m
1770 (59.00%)       115.116 ms           2 m, 21 s            30.40 M                                    [0m
1780 (59.33%)       131.604 ms           2 m, 40 s            28.84 M                                    [0m
1790 (59.67%)       138.402 ms           2 m, 47 s            27.90 M                                    [0m
1800 (60.00%)       101.149 ms           2 m, 1 s             32.95 M                                    [0m
1810 (60.33%)       114.570 ms           2 m, 16 s            32.12 M                                    [0m
1820 (60.67%)       128.967 ms           2 m, 32 s            27.02 M                                    [0m
1830 (61.00%)       102.980 ms           2 m, 0 s             31.63 M                                    [0m

[12A[1K
Step (% Done)       Train Iter (time)    ETA (time)           Train Rays / Sec     Test Rays / Sec       [0m
-------------------------------------------------------------------------------------------------------- [0m
1750 (58.33%)       95.789 ms            1 m, 59 s            32.08 M                                    [0m
1760 (58.67%)       107.289 ms           2 m, 13 s            32.42 M                                    [0m
1770 (59.00%)       115.116 ms           2 m, 21 s            30.40 M                                    [0m
1780 (59.33%)       131.604 ms           2 m, 40 s            28.84 M                                    [0m
1790 (59.67%)       138.402 ms           2 m, 47 s            27.90 M                                    [0m
1800 (60.00%)       101.149 ms           2 m, 1 s             32.95 M                                    [0m
1810 (60.33%)       114.570 ms           2 m, 16 s            32.12 M                                    [0m
1820 (60.67%)       128.967 ms           2 m, 32 s            27.02 M                                    [0m
1830 (61.00%)       102.980 ms           2 m, 0 s             31.63 M                                    [0m
1840 (61.33%)       86.646 ms            1 m, 40 s            35.46 M                                    [0m

[12A[1K
Step (% Done)       Train Iter (time)    ETA (time)           Train Rays / Sec     Test Rays / Sec       [0m
-------------------------------------------------------------------------------------------------------- [0m
1760 (58.67%)       107.289 ms           2 m, 13 s            32.42 M                                    [0m
1770 (59.00%)       115.116 ms           2 m, 21 s            30.40 M                                    [0m
1780 (59.33%)       131.604 ms           2 m, 40 s            28.84 M                                    [0m
1790 (59.67%)       138.402 ms           2 m, 47 s            27.90 M                                    [0m
1800 (60.00%)       101.149 ms           2 m, 1 s             32.95 M                                    [0m
1810 (60.33%)       114.570 ms           2 m, 16 s            32.12 M                                    [0m
1820 (60.67%)       128.967 ms           2 m, 32 s            27.02 M                                    [0m
1830 (61.00%)       102.980 ms           2 m, 0 s             31.63 M                                    [0m
1840 (61.33%)       86.646 ms            1 m, 40 s            35.46 M                                    [0m
1850 (61.67%)       73.152 ms            1 m, 24 s            36.25 M                                    [0m

[12A[1K
Step (% Done)       Train Iter (time)    ETA (time)           Train Rays / Sec     Test Rays / Sec       [0m
-------------------------------------------------------------------------------------------------------- [0m
1770 (59.00%)       115.116 ms           2 m, 21 s            30.40 M                                    [0m
1780 (59.33%)       131.604 ms           2 m, 40 s            28.84 M                                    [0m
1790 (59.67%)       138.402 ms           2 m, 47 s            27.90 M                                    [0m
1800 (60.00%)       101.149 ms           2 m, 1 s             32.95 M                                    [0m
1810 (60.33%)       114.570 ms           2 m, 16 s            32.12 M                                    [0m
1820 (60.67%)       128.967 ms           2 m, 32 s            27.02 M                                    [0m
1830 (61.00%)       102.980 ms           2 m, 0 s             31.63 M                                    [0m
1840 (61.33%)       86.646 ms            1 m, 40 s            35.46 M                                    [0m
1850 (61.67%)       73.152 ms            1 m, 24 s            36.25 M                                    [0m
1860 (62.00%)       93.307 ms            1 m, 46 s            33.07 M                                    [0m

[12A[1K
Step (% Done)       Train Iter (time)    ETA (time)           Train Rays / Sec     Test Rays / Sec       [0m
-------------------------------------------------------------------------------------------------------- [0m
1780 (59.33%)       131.604 ms           2 m, 40 s            28.84 M                                    [0m
1790 (59.67%)       138.402 ms           2 m, 47 s            27.90 M                                    [0m
1800 (60.00%)       101.149 ms           2 m, 1 s             32.95 M                                    [0m
1810 (60.33%)       114.570 ms           2 m, 16 s            32.12 M                                    [0m
1820 (60.67%)       128.967 ms           2 m, 32 s            27.02 M                                    [0m
1830 (61.00%)       102.980 ms           2 m, 0 s             31.63 M                                    [0m
1840 (61.33%)       86.646 ms            1 m, 40 s            35.46 M                                    [0m
1850 (61.67%)       73.152 ms            1 m, 24 s            36.25 M                                    [0m
1860 (62.00%)       93.307 ms            1 m, 46 s            33.07 M                                    [0m
1870 (62.33%)       107.821 ms           2 m, 1 s             30.03 M                                    [0m

[12A[1K
Step (% Done)       Train Iter (time)    ETA (time)           Train Rays / Sec     Test Rays / Sec       [0m
-------------------------------------------------------------------------------------------------------- [0m
1790 (59.67%)       138.402 ms           2 m, 47 s            27.90 M                                    [0m
1800 (60.00%)       101.149 ms           2 m, 1 s             32.95 M                                    [0m
1810 (60.33%)       114.570 ms           2 m, 16 s            32.12 M                                    [0m
1820 (60.67%)       128.967 ms           2 m, 32 s            27.02 M                                    [0m
1830 (61.00%)       102.980 ms           2 m, 0 s             31.63 M                                    [0m
1840 (61.33%)       86.646 ms            1 m, 40 s            35.46 M                                    [0m
1850 (61.67%)       73.152 ms            1 m, 24 s            36.25 M                                    [0m
1860 (62.00%)       93.307 ms            1 m, 46 s            33.07 M                                    [0m
1870 (62.33%)       107.821 ms           2 m, 1 s             30.03 M                                    [0m
1880 (62.67%)       83.825 ms            1 m, 33 s            34.05 M                                    [0m

[12A[1K
Step (% Done)       Train Iter (time)    ETA (time)           Train Rays / Sec     Test Rays / Sec       [0m
-------------------------------------------------------------------------------------------------------- [0m
1800 (60.00%)       101.149 ms           2 m, 1 s             32.95 M                                    [0m
1810 (60.33%)       114.570 ms           2 m, 16 s            32.12 M                                    [0m
1820 (60.67%)       128.967 ms           2 m, 32 s            27.02 M                                    [0m
1830 (61.00%)       102.980 ms           2 m, 0 s             31.63 M                                    [0m
1840 (61.33%)       86.646 ms            1 m, 40 s            35.46 M                                    [0m
1850 (61.67%)       73.152 ms            1 m, 24 s            36.25 M                                    [0m
1860 (62.00%)       93.307 ms            1 m, 46 s            33.07 M                                    [0m
1870 (62.33%)       107.821 ms           2 m, 1 s             30.03 M                                    [0m
1880 (62.67%)       83.825 ms            1 m, 33 s            34.05 M                                    [0m
1890 (63.00%)       88.816 ms            1 m, 38 s            36.27 M                                    [0m
Step 1900: Relocated 303234 GSs.
Step 1900: Added 89672 GSs. Now having 5000000 GSs.

[12A[1K
Step (% Done)       Train Iter (time)    ETA (time)           Train Rays / Sec     Test Rays / Sec       [0m
-------------------------------------------------------------------------------------------------------- [0m
1810 (60.33%)       114.570 ms           2 m, 16 s            32.12 M                                    [0m
1820 (60.67%)       128.967 ms           2 m, 32 s            27.02 M                                    [0m
1830 (61.00%)       102.980 ms           2 m, 0 s             31.63 M                                    [0m
1840 (61.33%)       86.646 ms            1 m, 40 s            35.46 M                                    [0m
1850 (61.67%)       73.152 ms            1 m, 24 s            36.25 M                                    [0m
1860 (62.00%)       93.307 ms            1 m, 46 s            33.07 M                                    [0m
1870 (62.33%)       107.821 ms           2 m, 1 s             30.03 M                                    [0m
1880 (62.67%)       83.825 ms            1 m, 33 s            34.05 M                                    [0m
1890 (63.00%)       88.816 ms            1 m, 38 s            36.27 M                                    [0m
1900 (63.33%)       142.381 ms           2 m, 36 s            30.10 M                                    [0m

[12A[1K
Step (% Done)       Train Iter (time)    ETA (time)           Train Rays / Sec     Test Rays / Sec       [0m
-------------------------------------------------------------------------------------------------------- [0m
1820 (60.67%)       128.967 ms           2 m, 32 s            27.02 M                                    [0m
1830 (61.00%)       102.980 ms           2 m, 0 s             31.63 M                                    [0m
1840 (61.33%)       86.646 ms            1 m, 40 s            35.46 M                                    [0m
1850 (61.67%)       73.152 ms            1 m, 24 s            36.25 M                                    [0m
1860 (62.00%)       93.307 ms            1 m, 46 s            33.07 M                                    [0m
1870 (62.33%)       107.821 ms           2 m, 1 s             30.03 M                                    [0m
1880 (62.67%)       83.825 ms            1 m, 33 s            34.05 M                                    [0m
1890 (63.00%)       88.816 ms            1 m, 38 s            36.27 M                                    [0m
1900 (63.33%)       142.381 ms           2 m, 36 s            30.10 M                                    [0m
1910 (63.67%)       187.023 ms           3 m, 23 s            21.70 M                                    [0m

[12A[1K
Step (% Done)       Train Iter (time)    ETA (time)           Train Rays / Sec     Test Rays / Sec       [0m
-------------------------------------------------------------------------------------------------------- [0m
1830 (61.00%)       102.980 ms           2 m, 0 s             31.63 M                                    [0m
1840 (61.33%)       86.646 ms            1 m, 40 s            35.46 M                                    [0m
1850 (61.67%)       73.152 ms            1 m, 24 s            36.25 M                                    [0m
1860 (62.00%)       93.307 ms            1 m, 46 s            33.07 M                                    [0m
1870 (62.33%)       107.821 ms           2 m, 1 s             30.03 M                                    [0m
1880 (62.67%)       83.825 ms            1 m, 33 s            34.05 M                                    [0m
1890 (63.00%)       88.816 ms            1 m, 38 s            36.27 M                                    [0m
1900 (63.33%)       142.381 ms           2 m, 36 s            30.10 M                                    [0m
1910 (63.67%)       187.023 ms           3 m, 23 s            21.70 M                                    [0m
1920 (64.00%)       142.097 ms           2 m, 33 s            28.20 M                                    [0m

[12A[1K
Step (% Done)       Train Iter (time)    ETA (time)           Train Rays / Sec     Test Rays / Sec       [0m
-------------------------------------------------------------------------------------------------------- [0m
1840 (61.33%)       86.646 ms            1 m, 40 s            35.46 M                                    [0m
1850 (61.67%)       73.152 ms            1 m, 24 s            36.25 M                                    [0m
1860 (62.00%)       93.307 ms            1 m, 46 s            33.07 M                                    [0m
1870 (62.33%)       107.821 ms           2 m, 1 s             30.03 M                                    [0m
1880 (62.67%)       83.825 ms            1 m, 33 s            34.05 M                                    [0m
1890 (63.00%)       88.816 ms            1 m, 38 s            36.27 M                                    [0m
1900 (63.33%)       142.381 ms           2 m, 36 s            30.10 M                                    [0m
1910 (63.67%)       187.023 ms           3 m, 23 s            21.70 M                                    [0m
1920 (64.00%)       142.097 ms           2 m, 33 s            28.20 M                                    [0m
1930 (64.33%)       89.879 ms            1 m, 36 s            37.32 M                                    [0m

[12A[1K
Step (% Done)       Train Iter (time)    ETA (time)           Train Rays / Sec     Test Rays / Sec       [0m
-------------------------------------------------------------------------------------------------------- [0m
1850 (61.67%)       73.152 ms            1 m, 24 s            36.25 M                                    [0m
1860 (62.00%)       93.307 ms            1 m, 46 s            33.07 M                                    [0m
1870 (62.33%)       107.821 ms           2 m, 1 s             30.03 M                                    [0m
1880 (62.67%)       83.825 ms            1 m, 33 s            34.05 M                                    [0m
1890 (63.00%)       88.816 ms            1 m, 38 s            36.27 M                                    [0m
1900 (63.33%)       142.381 ms           2 m, 36 s            30.10 M                                    [0m
1910 (63.67%)       187.023 ms           3 m, 23 s            21.70 M                                    [0m
1920 (64.00%)       142.097 ms           2 m, 33 s            28.20 M                                    [0m
1930 (64.33%)       89.879 ms            1 m, 36 s            37.32 M                                    [0m
1940 (64.67%)       92.426 ms            1 m, 37 s            33.37 M                                    [0m

[12A[1K
Step (% Done)       Train Iter (time)    ETA (time)           Train Rays / Sec     Test Rays / Sec       [0m
-------------------------------------------------------------------------------------------------------- [0m
1860 (62.00%)       93.307 ms            1 m, 46 s            33.07 M                                    [0m
1870 (62.33%)       107.821 ms           2 m, 1 s             30.03 M                                    [0m
1880 (62.67%)       83.825 ms            1 m, 33 s            34.05 M                                    [0m
1890 (63.00%)       88.816 ms            1 m, 38 s            36.27 M                                    [0m
1900 (63.33%)       142.381 ms           2 m, 36 s            30.10 M                                    [0m
1910 (63.67%)       187.023 ms           3 m, 23 s            21.70 M                                    [0m
1920 (64.00%)       142.097 ms           2 m, 33 s            28.20 M                                    [0m
1930 (64.33%)       89.879 ms            1 m, 36 s            37.32 M                                    [0m
1940 (64.67%)       92.426 ms            1 m, 37 s            33.37 M                                    [0m
1950 (65.00%)       79.015 ms            1 m, 22 s            32.95 M                                    [0m

[12A[1K
Step (% Done)       Train Iter (time)    ETA (time)           Train Rays / Sec     Test Rays / Sec       [0m
-------------------------------------------------------------------------------------------------------- [0m
1870 (62.33%)       107.821 ms           2 m, 1 s             30.03 M                                    [0m
1880 (62.67%)       83.825 ms            1 m, 33 s            34.05 M                                    [0m
1890 (63.00%)       88.816 ms            1 m, 38 s            36.27 M                                    [0m
1900 (63.33%)       142.381 ms           2 m, 36 s            30.10 M                                    [0m
1910 (63.67%)       187.023 ms           3 m, 23 s            21.70 M                                    [0m
1920 (64.00%)       142.097 ms           2 m, 33 s            28.20 M                                    [0m
1930 (64.33%)       89.879 ms            1 m, 36 s            37.32 M                                    [0m
1940 (64.67%)       92.426 ms            1 m, 37 s            33.37 M                                    [0m
1950 (65.00%)       79.015 ms            1 m, 22 s            32.95 M                                    [0m
1960 (65.33%)       97.478 ms            1 m, 41 s            28.70 M                                    [0m

[12A[1K
Step (% Done)       Train Iter (time)    ETA (time)           Train Rays / Sec     Test Rays / Sec       [0m
-------------------------------------------------------------------------------------------------------- [0m
1880 (62.67%)       83.825 ms            1 m, 33 s            34.05 M                                    [0m
1890 (63.00%)       88.816 ms            1 m, 38 s            36.27 M                                    [0m
1900 (63.33%)       142.381 ms           2 m, 36 s            30.10 M                                    [0m
1910 (63.67%)       187.023 ms           3 m, 23 s            21.70 M                                    [0m
1920 (64.00%)       142.097 ms           2 m, 33 s            28.20 M                                    [0m
1930 (64.33%)       89.879 ms            1 m, 36 s            37.32 M                                    [0m
1940 (64.67%)       92.426 ms            1 m, 37 s            33.37 M                                    [0m
1950 (65.00%)       79.015 ms            1 m, 22 s            32.95 M                                    [0m
1960 (65.33%)       97.478 ms            1 m, 41 s            28.70 M                                    [0m
1970 (65.67%)       100.306 ms           1 m, 43 s            28.04 M                                    [0m

[12A[1K
Step (% Done)       Train Iter (time)    ETA (time)           Train Rays / Sec     Test Rays / Sec       [0m
-------------------------------------------------------------------------------------------------------- [0m
1890 (63.00%)       88.816 ms            1 m, 38 s            36.27 M                                    [0m
1900 (63.33%)       142.381 ms           2 m, 36 s            30.10 M                                    [0m
1910 (63.67%)       187.023 ms           3 m, 23 s            21.70 M                                    [0m
1920 (64.00%)       142.097 ms           2 m, 33 s            28.20 M                                    [0m
1930 (64.33%)       89.879 ms            1 m, 36 s            37.32 M                                    [0m
1940 (64.67%)       92.426 ms            1 m, 37 s            33.37 M                                    [0m
1950 (65.00%)       79.015 ms            1 m, 22 s            32.95 M                                    [0m
1960 (65.33%)       97.478 ms            1 m, 41 s            28.70 M                                    [0m
1970 (65.67%)       100.306 ms           1 m, 43 s            28.04 M                                    [0m
1980 (66.00%)       90.260 ms            1 m, 32 s            34.36 M                                    [0m

[12A[1K
Step (% Done)       Train Iter (time)    ETA (time)           Train Rays / Sec     Test Rays / Sec       [0m
-------------------------------------------------------------------------------------------------------- [0m
1900 (63.33%)       142.381 ms           2 m, 36 s            30.10 M                                    [0m
1910 (63.67%)       187.023 ms           3 m, 23 s            21.70 M                                    [0m
1920 (64.00%)       142.097 ms           2 m, 33 s            28.20 M                                    [0m
1930 (64.33%)       89.879 ms            1 m, 36 s            37.32 M                                    [0m
1940 (64.67%)       92.426 ms            1 m, 37 s            33.37 M                                    [0m
1950 (65.00%)       79.015 ms            1 m, 22 s            32.95 M                                    [0m
1960 (65.33%)       97.478 ms            1 m, 41 s            28.70 M                                    [0m
1970 (65.67%)       100.306 ms           1 m, 43 s            28.04 M                                    [0m
1980 (66.00%)       90.260 ms            1 m, 32 s            34.36 M                                    [0m
1990 (66.33%)       113.492 ms           1 m, 54 s            30.37 M                                    [0m
Step 2000: Relocated 205549 GSs.
Step 2000: Added 0 GSs. Now having 5000000 GSs.

[12A[1K
Step (% Done)       Train Iter (time)    ETA (time)           Train Rays / Sec     Test Rays / Sec       [0m
-------------------------------------------------------------------------------------------------------- [0m
1910 (63.67%)       187.023 ms           3 m, 23 s            21.70 M                                    [0m
1920 (64.00%)       142.097 ms           2 m, 33 s            28.20 M                                    [0m
1930 (64.33%)       89.879 ms            1 m, 36 s            37.32 M                                    [0m
1940 (64.67%)       92.426 ms            1 m, 37 s            33.37 M                                    [0m
1950 (65.00%)       79.015 ms            1 m, 22 s            32.95 M                                    [0m
1960 (65.33%)       97.478 ms            1 m, 41 s            28.70 M                                    [0m
1970 (65.67%)       100.306 ms           1 m, 43 s            28.04 M                                    [0m
1980 (66.00%)       90.260 ms            1 m, 32 s            34.36 M                                    [0m
1990 (66.33%)       113.492 ms           1 m, 54 s            30.37 M                                    [0m
2000 (66.67%)       106.187 ms           1 m, 46 s            29.85 M              614.94 K              [0m

[12A[1K
Step (% Done)       Train Iter (time)    ETA (time)           Train Rays / Sec     Test Rays / Sec       [0m
-------------------------------------------------------------------------------------------------------- [0m
1920 (64.00%)       142.097 ms           2 m, 33 s            28.20 M                                    [0m
1930 (64.33%)       89.879 ms            1 m, 36 s            37.32 M                                    [0m
1940 (64.67%)       92.426 ms            1 m, 37 s            33.37 M                                    [0m
1950 (65.00%)       79.015 ms            1 m, 22 s            32.95 M                                    [0m
1960 (65.33%)       97.478 ms            1 m, 41 s            28.70 M                                    [0m
1970 (65.67%)       100.306 ms           1 m, 43 s            28.04 M                                    [0m
1980 (66.00%)       90.260 ms            1 m, 32 s            34.36 M                                    [0m
1990 (66.33%)       113.492 ms           1 m, 54 s            30.37 M                                    [0m
2000 (66.67%)       106.187 ms           1 m, 46 s            29.85 M              614.94 K              [0m
2010 (67.00%)       114.244 ms           1 m, 53 s            28.67 M                                    [0m

[12A[1K
Step (% Done)       Train Iter (time)    ETA (time)           Train Rays / Sec     Test Rays / Sec       [0m
-------------------------------------------------------------------------------------------------------- [0m
1930 (64.33%)       89.879 ms            1 m, 36 s            37.32 M                                    [0m
1940 (64.67%)       92.426 ms            1 m, 37 s            33.37 M                                    [0m
1950 (65.00%)       79.015 ms            1 m, 22 s            32.95 M                                    [0m
1960 (65.33%)       97.478 ms            1 m, 41 s            28.70 M                                    [0m
1970 (65.67%)       100.306 ms           1 m, 43 s            28.04 M                                    [0m
1980 (66.00%)       90.260 ms            1 m, 32 s            34.36 M                                    [0m
1990 (66.33%)       113.492 ms           1 m, 54 s            30.37 M                                    [0m
2000 (66.67%)       106.187 ms           1 m, 46 s            29.85 M              614.94 K              [0m
2010 (67.00%)       114.244 ms           1 m, 53 s            28.67 M                                    [0m
2020 (67.33%)       112.679 ms           1 m, 50 s            29.06 M                                    [0m

[12A[1K
Step (% Done)       Train Iter (time)    ETA (time)           Train Rays / Sec     Test Rays / Sec       [0m
-------------------------------------------------------------------------------------------------------- [0m
1940 (64.67%)       92.426 ms            1 m, 37 s            33.37 M                                    [0m
1950 (65.00%)       79.015 ms            1 m, 22 s            32.95 M                                    [0m
1960 (65.33%)       97.478 ms            1 m, 41 s            28.70 M                                    [0m
1970 (65.67%)       100.306 ms           1 m, 43 s            28.04 M                                    [0m
1980 (66.00%)       90.260 ms            1 m, 32 s            34.36 M                                    [0m
1990 (66.33%)       113.492 ms           1 m, 54 s            30.37 M                                    [0m
2000 (66.67%)       106.187 ms           1 m, 46 s            29.85 M              614.94 K              [0m
2010 (67.00%)       114.244 ms           1 m, 53 s            28.67 M                                    [0m
2020 (67.33%)       112.679 ms           1 m, 50 s            29.06 M                                    [0m
2030 (67.67%)       138.631 ms           2 m, 14 s            27.40 M                                    [0m

[12A[1K
Step (% Done)       Train Iter (time)    ETA (time)           Train Rays / Sec     Test Rays / Sec       [0m
-------------------------------------------------------------------------------------------------------- [0m
1950 (65.00%)       79.015 ms            1 m, 22 s            32.95 M                                    [0m
1960 (65.33%)       97.478 ms            1 m, 41 s            28.70 M                                    [0m
1970 (65.67%)       100.306 ms           1 m, 43 s            28.04 M                                    [0m
1980 (66.00%)       90.260 ms            1 m, 32 s            34.36 M                                    [0m
1990 (66.33%)       113.492 ms           1 m, 54 s            30.37 M                                    [0m
2000 (66.67%)       106.187 ms           1 m, 46 s            29.85 M              614.94 K              [0m
2010 (67.00%)       114.244 ms           1 m, 53 s            28.67 M                                    [0m
2020 (67.33%)       112.679 ms           1 m, 50 s            29.06 M                                    [0m
2030 (67.67%)       138.631 ms           2 m, 14 s            27.40 M                                    [0m
2040 (68.00%)       156.408 ms           2 m, 30 s            28.23 M                                    [0m

[12A[1K
Step (% Done)       Train Iter (time)    ETA (time)           Train Rays / Sec     Test Rays / Sec       [0m
-------------------------------------------------------------------------------------------------------- [0m
1960 (65.33%)       97.478 ms            1 m, 41 s            28.70 M                                    [0m
1970 (65.67%)       100.306 ms           1 m, 43 s            28.04 M                                    [0m
1980 (66.00%)       90.260 ms            1 m, 32 s            34.36 M                                    [0m
1990 (66.33%)       113.492 ms           1 m, 54 s            30.37 M                                    [0m
2000 (66.67%)       106.187 ms           1 m, 46 s            29.85 M              614.94 K              [0m
2010 (67.00%)       114.244 ms           1 m, 53 s            28.67 M                                    [0m
2020 (67.33%)       112.679 ms           1 m, 50 s            29.06 M                                    [0m
2030 (67.67%)       138.631 ms           2 m, 14 s            27.40 M                                    [0m
2040 (68.00%)       156.408 ms           2 m, 30 s            28.23 M                                    [0m
2050 (68.33%)       124.939 ms           1 m, 58 s            34.07 M                                    [0m

[12A[1K
Step (% Done)       Train Iter (time)    ETA (time)           Train Rays / Sec     Test Rays / Sec       [0m
-------------------------------------------------------------------------------------------------------- [0m
1970 (65.67%)       100.306 ms           1 m, 43 s            28.04 M                                    [0m
1980 (66.00%)       90.260 ms            1 m, 32 s            34.36 M                                    [0m
1990 (66.33%)       113.492 ms           1 m, 54 s            30.37 M                                    [0m
2000 (66.67%)       106.187 ms           1 m, 46 s            29.85 M              614.94 K              [0m
2010 (67.00%)       114.244 ms           1 m, 53 s            28.67 M                                    [0m
2020 (67.33%)       112.679 ms           1 m, 50 s            29.06 M                                    [0m
2030 (67.67%)       138.631 ms           2 m, 14 s            27.40 M                                    [0m
2040 (68.00%)       156.408 ms           2 m, 30 s            28.23 M                                    [0m
2050 (68.33%)       124.939 ms           1 m, 58 s            34.07 M                                    [0m
2060 (68.67%)       135.278 ms           2 m, 7 s             31.24 M                                    [0m

[12A[1K
Step (% Done)       Train Iter (time)    ETA (time)           Train Rays / Sec     Test Rays / Sec       [0m
-------------------------------------------------------------------------------------------------------- [0m
1980 (66.00%)       90.260 ms            1 m, 32 s            34.36 M                                    [0m
1990 (66.33%)       113.492 ms           1 m, 54 s            30.37 M                                    [0m
2000 (66.67%)       106.187 ms           1 m, 46 s            29.85 M              614.94 K              [0m
2010 (67.00%)       114.244 ms           1 m, 53 s            28.67 M                                    [0m
2020 (67.33%)       112.679 ms           1 m, 50 s            29.06 M                                    [0m
2030 (67.67%)       138.631 ms           2 m, 14 s            27.40 M                                    [0m
2040 (68.00%)       156.408 ms           2 m, 30 s            28.23 M                                    [0m
2050 (68.33%)       124.939 ms           1 m, 58 s            34.07 M                                    [0m
2060 (68.67%)       135.278 ms           2 m, 7 s             31.24 M                                    [0m
2070 (69.00%)       119.477 ms           1 m, 51 s            29.41 M                                    [0m

[12A[1K
Step (% Done)       Train Iter (time)    ETA (time)           Train Rays / Sec     Test Rays / Sec       [0m
-------------------------------------------------------------------------------------------------------- [0m
1990 (66.33%)       113.492 ms           1 m, 54 s            30.37 M                                    [0m
2000 (66.67%)       106.187 ms           1 m, 46 s            29.85 M              614.94 K              [0m
2010 (67.00%)       114.244 ms           1 m, 53 s            28.67 M                                    [0m
2020 (67.33%)       112.679 ms           1 m, 50 s            29.06 M                                    [0m
2030 (67.67%)       138.631 ms           2 m, 14 s            27.40 M                                    [0m
2040 (68.00%)       156.408 ms           2 m, 30 s            28.23 M                                    [0m
2050 (68.33%)       124.939 ms           1 m, 58 s            34.07 M                                    [0m
2060 (68.67%)       135.278 ms           2 m, 7 s             31.24 M                                    [0m
2070 (69.00%)       119.477 ms           1 m, 51 s            29.41 M                                    [0m
2080 (69.33%)       96.306 ms            1 m, 28 s            32.71 M                                    [0m

[12A[1K
Step (% Done)       Train Iter (time)    ETA (time)           Train Rays / Sec     Test Rays / Sec       [0m
-------------------------------------------------------------------------------------------------------- [0m
2000 (66.67%)       106.187 ms           1 m, 46 s            29.85 M              614.94 K              [0m
2010 (67.00%)       114.244 ms           1 m, 53 s            28.67 M                                    [0m
2020 (67.33%)       112.679 ms           1 m, 50 s            29.06 M                                    [0m
2030 (67.67%)       138.631 ms           2 m, 14 s            27.40 M                                    [0m
2040 (68.00%)       156.408 ms           2 m, 30 s            28.23 M                                    [0m
2050 (68.33%)       124.939 ms           1 m, 58 s            34.07 M                                    [0m
2060 (68.67%)       135.278 ms           2 m, 7 s             31.24 M                                    [0m
2070 (69.00%)       119.477 ms           1 m, 51 s            29.41 M                                    [0m
2080 (69.33%)       96.306 ms            1 m, 28 s            32.71 M                                    [0m
2090 (69.67%)       110.894 ms           1 m, 40 s            30.98 M                                    [0m
Step 2100: Relocated 180469 GSs.
Step 2100: Added 0 GSs. Now having 5000000 GSs.

[12A[1K
Step (% Done)       Train Iter (time)    ETA (time)           Train Rays / Sec     Test Rays / Sec       [0m
-------------------------------------------------------------------------------------------------------- [0m
2010 (67.00%)       114.244 ms           1 m, 53 s            28.67 M                                    [0m
2020 (67.33%)       112.679 ms           1 m, 50 s            29.06 M                                    [0m
2030 (67.67%)       138.631 ms           2 m, 14 s            27.40 M                                    [0m
2040 (68.00%)       156.408 ms           2 m, 30 s            28.23 M                                    [0m
2050 (68.33%)       124.939 ms           1 m, 58 s            34.07 M                                    [0m
2060 (68.67%)       135.278 ms           2 m, 7 s             31.24 M                                    [0m
2070 (69.00%)       119.477 ms           1 m, 51 s            29.41 M                                    [0m
2080 (69.33%)       96.306 ms            1 m, 28 s            32.71 M                                    [0m
2090 (69.67%)       110.894 ms           1 m, 40 s            30.98 M                                    [0m
2100 (70.00%)       109.361 ms           1 m, 38 s            28.47 M                                    [0m

[12A[1K
Step (% Done)       Train Iter (time)    ETA (time)           Train Rays / Sec     Test Rays / Sec       [0m
-------------------------------------------------------------------------------------------------------- [0m
2020 (67.33%)       112.679 ms           1 m, 50 s            29.06 M                                    [0m
2030 (67.67%)       138.631 ms           2 m, 14 s            27.40 M                                    [0m
2040 (68.00%)       156.408 ms           2 m, 30 s            28.23 M                                    [0m
2050 (68.33%)       124.939 ms           1 m, 58 s            34.07 M                                    [0m
2060 (68.67%)       135.278 ms           2 m, 7 s             31.24 M                                    [0m
2070 (69.00%)       119.477 ms           1 m, 51 s            29.41 M                                    [0m
2080 (69.33%)       96.306 ms            1 m, 28 s            32.71 M                                    [0m
2090 (69.67%)       110.894 ms           1 m, 40 s            30.98 M                                    [0m
2100 (70.00%)       109.361 ms           1 m, 38 s            28.47 M                                    [0m
2110 (70.33%)       118.368 ms           1 m, 45 s            28.64 M                                    [0m

[12A[1K
Step (% Done)       Train Iter (time)    ETA (time)           Train Rays / Sec     Test Rays / Sec       [0m
-------------------------------------------------------------------------------------------------------- [0m
2030 (67.67%)       138.631 ms           2 m, 14 s            27.40 M                                    [0m
2040 (68.00%)       156.408 ms           2 m, 30 s            28.23 M                                    [0m
2050 (68.33%)       124.939 ms           1 m, 58 s            34.07 M                                    [0m
2060 (68.67%)       135.278 ms           2 m, 7 s             31.24 M                                    [0m
2070 (69.00%)       119.477 ms           1 m, 51 s            29.41 M                                    [0m
2080 (69.33%)       96.306 ms            1 m, 28 s            32.71 M                                    [0m
2090 (69.67%)       110.894 ms           1 m, 40 s            30.98 M                                    [0m
2100 (70.00%)       109.361 ms           1 m, 38 s            28.47 M                                    [0m
2110 (70.33%)       118.368 ms           1 m, 45 s            28.64 M                                    [0m
2120 (70.67%)       106.763 ms           1 m, 33 s            29.39 M                                    [0m

[12A[1K
Step (% Done)       Train Iter (time)    ETA (time)           Train Rays / Sec     Test Rays / Sec       [0m
-------------------------------------------------------------------------------------------------------- [0m
2040 (68.00%)       156.408 ms           2 m, 30 s            28.23 M                                    [0m
2050 (68.33%)       124.939 ms           1 m, 58 s            34.07 M                                    [0m
2060 (68.67%)       135.278 ms           2 m, 7 s             31.24 M                                    [0m
2070 (69.00%)       119.477 ms           1 m, 51 s            29.41 M                                    [0m
2080 (69.33%)       96.306 ms            1 m, 28 s            32.71 M                                    [0m
2090 (69.67%)       110.894 ms           1 m, 40 s            30.98 M                                    [0m
2100 (70.00%)       109.361 ms           1 m, 38 s            28.47 M                                    [0m
2110 (70.33%)       118.368 ms           1 m, 45 s            28.64 M                                    [0m
2120 (70.67%)       106.763 ms           1 m, 33 s            29.39 M                                    [0m
2130 (71.00%)       107.928 ms           1 m, 33 s            30.16 M                                    [0m

[12A[1K
Step (% Done)       Train Iter (time)    ETA (time)           Train Rays / Sec     Test Rays / Sec       [0m
-------------------------------------------------------------------------------------------------------- [0m
2050 (68.33%)       124.939 ms           1 m, 58 s            34.07 M                                    [0m
2060 (68.67%)       135.278 ms           2 m, 7 s             31.24 M                                    [0m
2070 (69.00%)       119.477 ms           1 m, 51 s            29.41 M                                    [0m
2080 (69.33%)       96.306 ms            1 m, 28 s            32.71 M                                    [0m
2090 (69.67%)       110.894 ms           1 m, 40 s            30.98 M                                    [0m
2100 (70.00%)       109.361 ms           1 m, 38 s            28.47 M                                    [0m
2110 (70.33%)       118.368 ms           1 m, 45 s            28.64 M                                    [0m
2120 (70.67%)       106.763 ms           1 m, 33 s            29.39 M                                    [0m
2130 (71.00%)       107.928 ms           1 m, 33 s            30.16 M                                    [0m
2140 (71.33%)       123.037 ms           1 m, 45 s            30.82 M                                    [0m

[12A[1K
Step (% Done)       Train Iter (time)    ETA (time)           Train Rays / Sec     Test Rays / Sec       [0m
-------------------------------------------------------------------------------------------------------- [0m
2060 (68.67%)       135.278 ms           2 m, 7 s             31.24 M                                    [0m
2070 (69.00%)       119.477 ms           1 m, 51 s            29.41 M                                    [0m
2080 (69.33%)       96.306 ms            1 m, 28 s            32.71 M                                    [0m
2090 (69.67%)       110.894 ms           1 m, 40 s            30.98 M                                    [0m
2100 (70.00%)       109.361 ms           1 m, 38 s            28.47 M                                    [0m
2110 (70.33%)       118.368 ms           1 m, 45 s            28.64 M                                    [0m
2120 (70.67%)       106.763 ms           1 m, 33 s            29.39 M                                    [0m
2130 (71.00%)       107.928 ms           1 m, 33 s            30.16 M                                    [0m
2140 (71.33%)       123.037 ms           1 m, 45 s            30.82 M                                    [0m
2150 (71.67%)       134.129 ms           1 m, 54 s            28.02 M                                    [0m

[12A[1K
Step (% Done)       Train Iter (time)    ETA (time)           Train Rays / Sec     Test Rays / Sec       [0m
-------------------------------------------------------------------------------------------------------- [0m
2070 (69.00%)       119.477 ms           1 m, 51 s            29.41 M                                    [0m
2080 (69.33%)       96.306 ms            1 m, 28 s            32.71 M                                    [0m
2090 (69.67%)       110.894 ms           1 m, 40 s            30.98 M                                    [0m
2100 (70.00%)       109.361 ms           1 m, 38 s            28.47 M                                    [0m
2110 (70.33%)       118.368 ms           1 m, 45 s            28.64 M                                    [0m
2120 (70.67%)       106.763 ms           1 m, 33 s            29.39 M                                    [0m
2130 (71.00%)       107.928 ms           1 m, 33 s            30.16 M                                    [0m
2140 (71.33%)       123.037 ms           1 m, 45 s            30.82 M                                    [0m
2150 (71.67%)       134.129 ms           1 m, 54 s            28.02 M                                    [0m
2160 (72.00%)       128.936 ms           1 m, 48 s            26.20 M                                    [0m

[12A[1K
Step (% Done)       Train Iter (time)    ETA (time)           Train Rays / Sec     Test Rays / Sec       [0m
-------------------------------------------------------------------------------------------------------- [0m
2080 (69.33%)       96.306 ms            1 m, 28 s            32.71 M                                    [0m
2090 (69.67%)       110.894 ms           1 m, 40 s            30.98 M                                    [0m
2100 (70.00%)       109.361 ms           1 m, 38 s            28.47 M                                    [0m
2110 (70.33%)       118.368 ms           1 m, 45 s            28.64 M                                    [0m
2120 (70.67%)       106.763 ms           1 m, 33 s            29.39 M                                    [0m
2130 (71.00%)       107.928 ms           1 m, 33 s            30.16 M                                    [0m
2140 (71.33%)       123.037 ms           1 m, 45 s            30.82 M                                    [0m
2150 (71.67%)       134.129 ms           1 m, 54 s            28.02 M                                    [0m
2160 (72.00%)       128.936 ms           1 m, 48 s            26.20 M                                    [0m
2170 (72.33%)       89.069 ms            1 m, 13 s            32.88 M                                    [0m

[12A[1K
Step (% Done)       Train Iter (time)    ETA (time)           Train Rays / Sec     Test Rays / Sec       [0m
-------------------------------------------------------------------------------------------------------- [0m
2090 (69.67%)       110.894 ms           1 m, 40 s            30.98 M                                    [0m
2100 (70.00%)       109.361 ms           1 m, 38 s            28.47 M                                    [0m
2110 (70.33%)       118.368 ms           1 m, 45 s            28.64 M                                    [0m
2120 (70.67%)       106.763 ms           1 m, 33 s            29.39 M                                    [0m
2130 (71.00%)       107.928 ms           1 m, 33 s            30.16 M                                    [0m
2140 (71.33%)       123.037 ms           1 m, 45 s            30.82 M                                    [0m
2150 (71.67%)       134.129 ms           1 m, 54 s            28.02 M                                    [0m
2160 (72.00%)       128.936 ms           1 m, 48 s            26.20 M                                    [0m
2170 (72.33%)       89.069 ms            1 m, 13 s            32.88 M                                    [0m
2180 (72.67%)       86.088 ms            1 m, 10 s            37.59 M                                    [0m

[12A[1K
Step (% Done)       Train Iter (time)    ETA (time)           Train Rays / Sec     Test Rays / Sec       [0m
-------------------------------------------------------------------------------------------------------- [0m
2100 (70.00%)       109.361 ms           1 m, 38 s            28.47 M                                    [0m
2110 (70.33%)       118.368 ms           1 m, 45 s            28.64 M                                    [0m
2120 (70.67%)       106.763 ms           1 m, 33 s            29.39 M                                    [0m
2130 (71.00%)       107.928 ms           1 m, 33 s            30.16 M                                    [0m
2140 (71.33%)       123.037 ms           1 m, 45 s            30.82 M                                    [0m
2150 (71.67%)       134.129 ms           1 m, 54 s            28.02 M                                    [0m
2160 (72.00%)       128.936 ms           1 m, 48 s            26.20 M                                    [0m
2170 (72.33%)       89.069 ms            1 m, 13 s            32.88 M                                    [0m
2180 (72.67%)       86.088 ms            1 m, 10 s            37.59 M                                    [0m
2190 (73.00%)       105.152 ms           1 m, 25 s            33.72 M                                    [0m
Step 2200: Relocated 142387 GSs.
Step 2200: Added 0 GSs. Now having 5000000 GSs.

[12A[1K
Step (% Done)       Train Iter (time)    ETA (time)           Train Rays / Sec     Test Rays / Sec       [0m
-------------------------------------------------------------------------------------------------------- [0m
2110 (70.33%)       118.368 ms           1 m, 45 s            28.64 M                                    [0m
2120 (70.67%)       106.763 ms           1 m, 33 s            29.39 M                                    [0m
2130 (71.00%)       107.928 ms           1 m, 33 s            30.16 M                                    [0m
2140 (71.33%)       123.037 ms           1 m, 45 s            30.82 M                                    [0m
2150 (71.67%)       134.129 ms           1 m, 54 s            28.02 M                                    [0m
2160 (72.00%)       128.936 ms           1 m, 48 s            26.20 M                                    [0m
2170 (72.33%)       89.069 ms            1 m, 13 s            32.88 M                                    [0m
2180 (72.67%)       86.088 ms            1 m, 10 s            37.59 M                                    [0m
2190 (73.00%)       105.152 ms           1 m, 25 s            33.72 M                                    [0m
2200 (73.33%)       96.538 ms            1 m, 17 s            31.57 M                                    [0m

[12A[1K
Step (% Done)       Train Iter (time)    ETA (time)           Train Rays / Sec     Test Rays / Sec       [0m
-------------------------------------------------------------------------------------------------------- [0m
2120 (70.67%)       106.763 ms           1 m, 33 s            29.39 M                                    [0m
2130 (71.00%)       107.928 ms           1 m, 33 s            30.16 M                                    [0m
2140 (71.33%)       123.037 ms           1 m, 45 s            30.82 M                                    [0m
2150 (71.67%)       134.129 ms           1 m, 54 s            28.02 M                                    [0m
2160 (72.00%)       128.936 ms           1 m, 48 s            26.20 M                                    [0m
2170 (72.33%)       89.069 ms            1 m, 13 s            32.88 M                                    [0m
2180 (72.67%)       86.088 ms            1 m, 10 s            37.59 M                                    [0m
2190 (73.00%)       105.152 ms           1 m, 25 s            33.72 M                                    [0m
2200 (73.33%)       96.538 ms            1 m, 17 s            31.57 M                                    [0m
2210 (73.67%)       113.147 ms           1 m, 29 s            29.40 M                                    [0m

[12A[1K
Step (% Done)       Train Iter (time)    ETA (time)           Train Rays / Sec     Test Rays / Sec       [0m
-------------------------------------------------------------------------------------------------------- [0m
2130 (71.00%)       107.928 ms           1 m, 33 s            30.16 M                                    [0m
2140 (71.33%)       123.037 ms           1 m, 45 s            30.82 M                                    [0m
2150 (71.67%)       134.129 ms           1 m, 54 s            28.02 M                                    [0m
2160 (72.00%)       128.936 ms           1 m, 48 s            26.20 M                                    [0m
2170 (72.33%)       89.069 ms            1 m, 13 s            32.88 M                                    [0m
2180 (72.67%)       86.088 ms            1 m, 10 s            37.59 M                                    [0m
2190 (73.00%)       105.152 ms           1 m, 25 s            33.72 M                                    [0m
2200 (73.33%)       96.538 ms            1 m, 17 s            31.57 M                                    [0m
2210 (73.67%)       113.147 ms           1 m, 29 s            29.40 M                                    [0m
2220 (74.00%)       150.387 ms           1 m, 57 s            23.61 M                                    [0m

[12A[1K
Step (% Done)       Train Iter (time)    ETA (time)           Train Rays / Sec     Test Rays / Sec       [0m
-------------------------------------------------------------------------------------------------------- [0m
2140 (71.33%)       123.037 ms           1 m, 45 s            30.82 M                                    [0m
2150 (71.67%)       134.129 ms           1 m, 54 s            28.02 M                                    [0m
2160 (72.00%)       128.936 ms           1 m, 48 s            26.20 M                                    [0m
2170 (72.33%)       89.069 ms            1 m, 13 s            32.88 M                                    [0m
2180 (72.67%)       86.088 ms            1 m, 10 s            37.59 M                                    [0m
2190 (73.00%)       105.152 ms           1 m, 25 s            33.72 M                                    [0m
2200 (73.33%)       96.538 ms            1 m, 17 s            31.57 M                                    [0m
2210 (73.67%)       113.147 ms           1 m, 29 s            29.40 M                                    [0m
2220 (74.00%)       150.387 ms           1 m, 57 s            23.61 M                                    [0m
2230 (74.33%)       112.498 ms           1 m, 26 s            28.96 M                                    [0m

[12A[1K
Step (% Done)       Train Iter (time)    ETA (time)           Train Rays / Sec     Test Rays / Sec       [0m
-------------------------------------------------------------------------------------------------------- [0m
2150 (71.67%)       134.129 ms           1 m, 54 s            28.02 M                                    [0m
2160 (72.00%)       128.936 ms           1 m, 48 s            26.20 M                                    [0m
2170 (72.33%)       89.069 ms            1 m, 13 s            32.88 M                                    [0m
2180 (72.67%)       86.088 ms            1 m, 10 s            37.59 M                                    [0m
2190 (73.00%)       105.152 ms           1 m, 25 s            33.72 M                                    [0m
2200 (73.33%)       96.538 ms            1 m, 17 s            31.57 M                                    [0m
2210 (73.67%)       113.147 ms           1 m, 29 s            29.40 M                                    [0m
2220 (74.00%)       150.387 ms           1 m, 57 s            23.61 M                                    [0m
2230 (74.33%)       112.498 ms           1 m, 26 s            28.96 M                                    [0m
2240 (74.67%)       87.542 ms            1 m, 6 s             31.51 M                                    [0m

[12A[1K
Step (% Done)       Train Iter (time)    ETA (time)           Train Rays / Sec     Test Rays / Sec       [0m
-------------------------------------------------------------------------------------------------------- [0m
2160 (72.00%)       128.936 ms           1 m, 48 s            26.20 M                                    [0m
2170 (72.33%)       89.069 ms            1 m, 13 s            32.88 M                                    [0m
2180 (72.67%)       86.088 ms            1 m, 10 s            37.59 M                                    [0m
2190 (73.00%)       105.152 ms           1 m, 25 s            33.72 M                                    [0m
2200 (73.33%)       96.538 ms            1 m, 17 s            31.57 M                                    [0m
2210 (73.67%)       113.147 ms           1 m, 29 s            29.40 M                                    [0m
2220 (74.00%)       150.387 ms           1 m, 57 s            23.61 M                                    [0m
2230 (74.33%)       112.498 ms           1 m, 26 s            28.96 M                                    [0m
2240 (74.67%)       87.542 ms            1 m, 6 s             31.51 M                                    [0m
2250 (75.00%)       112.558 ms           1 m, 24 s            25.56 M                                    [0m

[12A[1K
Step (% Done)       Train Iter (time)    ETA (time)           Train Rays / Sec     Test Rays / Sec       [0m
-------------------------------------------------------------------------------------------------------- [0m
2170 (72.33%)       89.069 ms            1 m, 13 s            32.88 M                                    [0m
2180 (72.67%)       86.088 ms            1 m, 10 s            37.59 M                                    [0m
2190 (73.00%)       105.152 ms           1 m, 25 s            33.72 M                                    [0m
2200 (73.33%)       96.538 ms            1 m, 17 s            31.57 M                                    [0m
2210 (73.67%)       113.147 ms           1 m, 29 s            29.40 M                                    [0m
2220 (74.00%)       150.387 ms           1 m, 57 s            23.61 M                                    [0m
2230 (74.33%)       112.498 ms           1 m, 26 s            28.96 M                                    [0m
2240 (74.67%)       87.542 ms            1 m, 6 s             31.51 M                                    [0m
2250 (75.00%)       112.558 ms           1 m, 24 s            25.56 M                                    [0m
2260 (75.33%)       90.610 ms            1 m, 7 s             30.83 M                                    [0m

[12A[1K
Step (% Done)       Train Iter (time)    ETA (time)           Train Rays / Sec     Test Rays / Sec       [0m
-------------------------------------------------------------------------------------------------------- [0m
2180 (72.67%)       86.088 ms            1 m, 10 s            37.59 M                                    [0m
2190 (73.00%)       105.152 ms           1 m, 25 s            33.72 M                                    [0m
2200 (73.33%)       96.538 ms            1 m, 17 s            31.57 M                                    [0m
2210 (73.67%)       113.147 ms           1 m, 29 s            29.40 M                                    [0m
2220 (74.00%)       150.387 ms           1 m, 57 s            23.61 M                                    [0m
2230 (74.33%)       112.498 ms           1 m, 26 s            28.96 M                                    [0m
2240 (74.67%)       87.542 ms            1 m, 6 s             31.51 M                                    [0m
2250 (75.00%)       112.558 ms           1 m, 24 s            25.56 M                                    [0m
2260 (75.33%)       90.610 ms            1 m, 7 s             30.83 M                                    [0m
2270 (75.67%)       99.010 ms            1 m, 12 s            31.39 M                                    [0m

[12A[1K
Step (% Done)       Train Iter (time)    ETA (time)           Train Rays / Sec     Test Rays / Sec       [0m
-------------------------------------------------------------------------------------------------------- [0m
2190 (73.00%)       105.152 ms           1 m, 25 s            33.72 M                                    [0m
2200 (73.33%)       96.538 ms            1 m, 17 s            31.57 M                                    [0m
2210 (73.67%)       113.147 ms           1 m, 29 s            29.40 M                                    [0m
2220 (74.00%)       150.387 ms           1 m, 57 s            23.61 M                                    [0m
2230 (74.33%)       112.498 ms           1 m, 26 s            28.96 M                                    [0m
2240 (74.67%)       87.542 ms            1 m, 6 s             31.51 M                                    [0m
2250 (75.00%)       112.558 ms           1 m, 24 s            25.56 M                                    [0m
2260 (75.33%)       90.610 ms            1 m, 7 s             30.83 M                                    [0m
2270 (75.67%)       99.010 ms            1 m, 12 s            31.39 M                                    [0m
2280 (76.00%)       131.236 ms           1 m, 34 s            26.74 M                                    [0m

[12A[1K
Step (% Done)       Train Iter (time)    ETA (time)           Train Rays / Sec     Test Rays / Sec       [0m
-------------------------------------------------------------------------------------------------------- [0m
2200 (73.33%)       96.538 ms            1 m, 17 s            31.57 M                                    [0m
2210 (73.67%)       113.147 ms           1 m, 29 s            29.40 M                                    [0m
2220 (74.00%)       150.387 ms           1 m, 57 s            23.61 M                                    [0m
2230 (74.33%)       112.498 ms           1 m, 26 s            28.96 M                                    [0m
2240 (74.67%)       87.542 ms            1 m, 6 s             31.51 M                                    [0m
2250 (75.00%)       112.558 ms           1 m, 24 s            25.56 M                                    [0m
2260 (75.33%)       90.610 ms            1 m, 7 s             30.83 M                                    [0m
2270 (75.67%)       99.010 ms            1 m, 12 s            31.39 M                                    [0m
2280 (76.00%)       131.236 ms           1 m, 34 s            26.74 M                                    [0m
2290 (76.33%)       119.192 ms           1 m, 24 s            30.03 M                                    [0m
Step 2300: Relocated 129283 GSs.
Step 2300: Added 0 GSs. Now having 5000000 GSs.

[12A[1K
Step (% Done)       Train Iter (time)    ETA (time)           Train Rays / Sec     Test Rays / Sec       [0m
-------------------------------------------------------------------------------------------------------- [0m
2210 (73.67%)       113.147 ms           1 m, 29 s            29.40 M                                    [0m
2220 (74.00%)       150.387 ms           1 m, 57 s            23.61 M                                    [0m
2230 (74.33%)       112.498 ms           1 m, 26 s            28.96 M                                    [0m
2240 (74.67%)       87.542 ms            1 m, 6 s             31.51 M                                    [0m
2250 (75.00%)       112.558 ms           1 m, 24 s            25.56 M                                    [0m
2260 (75.33%)       90.610 ms            1 m, 7 s             30.83 M                                    [0m
2270 (75.67%)       99.010 ms            1 m, 12 s            31.39 M                                    [0m
2280 (76.00%)       131.236 ms           1 m, 34 s            26.74 M                                    [0m
2290 (76.33%)       119.192 ms           1 m, 24 s            30.03 M                                    [0m
2300 (76.67%)       105.014 ms           1 m, 13 s            29.84 M                                    [0m

[12A[1K
Step (% Done)       Train Iter (time)    ETA (time)           Train Rays / Sec     Test Rays / Sec       [0m
-------------------------------------------------------------------------------------------------------- [0m
2220 (74.00%)       150.387 ms           1 m, 57 s            23.61 M                                    [0m
2230 (74.33%)       112.498 ms           1 m, 26 s            28.96 M                                    [0m
2240 (74.67%)       87.542 ms            1 m, 6 s             31.51 M                                    [0m
2250 (75.00%)       112.558 ms           1 m, 24 s            25.56 M                                    [0m
2260 (75.33%)       90.610 ms            1 m, 7 s             30.83 M                                    [0m
2270 (75.67%)       99.010 ms            1 m, 12 s            31.39 M                                    [0m
2280 (76.00%)       131.236 ms           1 m, 34 s            26.74 M                                    [0m
2290 (76.33%)       119.192 ms           1 m, 24 s            30.03 M                                    [0m
2300 (76.67%)       105.014 ms           1 m, 13 s            29.84 M                                    [0m
2310 (77.00%)       82.627 ms            57 s, 12.958 ms      30.27 M                                    [0m

[12A[1K
Step (% Done)       Train Iter (time)    ETA (time)           Train Rays / Sec     Test Rays / Sec       [0m
-------------------------------------------------------------------------------------------------------- [0m
2230 (74.33%)       112.498 ms           1 m, 26 s            28.96 M                                    [0m
2240 (74.67%)       87.542 ms            1 m, 6 s             31.51 M                                    [0m
2250 (75.00%)       112.558 ms           1 m, 24 s            25.56 M                                    [0m
2260 (75.33%)       90.610 ms            1 m, 7 s             30.83 M                                    [0m
2270 (75.67%)       99.010 ms            1 m, 12 s            31.39 M                                    [0m
2280 (76.00%)       131.236 ms           1 m, 34 s            26.74 M                                    [0m
2290 (76.33%)       119.192 ms           1 m, 24 s            30.03 M                                    [0m
2300 (76.67%)       105.014 ms           1 m, 13 s            29.84 M                                    [0m
2310 (77.00%)       82.627 ms            57 s, 12.958 ms      30.27 M                                    [0m
2320 (77.33%)       76.381 ms            51 s, 938.848 ms     29.44 M                                    [0m

[12A[1K
Step (% Done)       Train Iter (time)    ETA (time)           Train Rays / Sec     Test Rays / Sec       [0m
-------------------------------------------------------------------------------------------------------- [0m
2240 (74.67%)       87.542 ms            1 m, 6 s             31.51 M                                    [0m
2250 (75.00%)       112.558 ms           1 m, 24 s            25.56 M                                    [0m
2260 (75.33%)       90.610 ms            1 m, 7 s             30.83 M                                    [0m
2270 (75.67%)       99.010 ms            1 m, 12 s            31.39 M                                    [0m
2280 (76.00%)       131.236 ms           1 m, 34 s            26.74 M                                    [0m
2290 (76.33%)       119.192 ms           1 m, 24 s            30.03 M                                    [0m
2300 (76.67%)       105.014 ms           1 m, 13 s            29.84 M                                    [0m
2310 (77.00%)       82.627 ms            57 s, 12.958 ms      30.27 M                                    [0m
2320 (77.33%)       76.381 ms            51 s, 938.848 ms     29.44 M                                    [0m
2330 (77.67%)       95.649 ms            1 m, 4 s             30.57 M                                    [0m

[12A[1K
Step (% Done)       Train Iter (time)    ETA (time)           Train Rays / Sec     Test Rays / Sec       [0m
-------------------------------------------------------------------------------------------------------- [0m
2250 (75.00%)       112.558 ms           1 m, 24 s            25.56 M                                    [0m
2260 (75.33%)       90.610 ms            1 m, 7 s             30.83 M                                    [0m
2270 (75.67%)       99.010 ms            1 m, 12 s            31.39 M                                    [0m
2280 (76.00%)       131.236 ms           1 m, 34 s            26.74 M                                    [0m
2290 (76.33%)       119.192 ms           1 m, 24 s            30.03 M                                    [0m
2300 (76.67%)       105.014 ms           1 m, 13 s            29.84 M                                    [0m
2310 (77.00%)       82.627 ms            57 s, 12.958 ms      30.27 M                                    [0m
2320 (77.33%)       76.381 ms            51 s, 938.848 ms     29.44 M                                    [0m
2330 (77.67%)       95.649 ms            1 m, 4 s             30.57 M                                    [0m
2340 (78.00%)       118.962 ms           1 m, 18 s            30.85 M                                    [0m

[12A[1K
Step (% Done)       Train Iter (time)    ETA (time)           Train Rays / Sec     Test Rays / Sec       [0m
-------------------------------------------------------------------------------------------------------- [0m
2260 (75.33%)       90.610 ms            1 m, 7 s             30.83 M                                    [0m
2270 (75.67%)       99.010 ms            1 m, 12 s            31.39 M                                    [0m
2280 (76.00%)       131.236 ms           1 m, 34 s            26.74 M                                    [0m
2290 (76.33%)       119.192 ms           1 m, 24 s            30.03 M                                    [0m
2300 (76.67%)       105.014 ms           1 m, 13 s            29.84 M                                    [0m
2310 (77.00%)       82.627 ms            57 s, 12.958 ms      30.27 M                                    [0m
2320 (77.33%)       76.381 ms            51 s, 938.848 ms     29.44 M                                    [0m
2330 (77.67%)       95.649 ms            1 m, 4 s             30.57 M                                    [0m
2340 (78.00%)       118.962 ms           1 m, 18 s            30.85 M                                    [0m
2350 (78.33%)       101.960 ms           1 m, 6 s             30.33 M                                    [0m

[12A[1K
Step (% Done)       Train Iter (time)    ETA (time)           Train Rays / Sec     Test Rays / Sec       [0m
-------------------------------------------------------------------------------------------------------- [0m
2270 (75.67%)       99.010 ms            1 m, 12 s            31.39 M                                    [0m
2280 (76.00%)       131.236 ms           1 m, 34 s            26.74 M                                    [0m
2290 (76.33%)       119.192 ms           1 m, 24 s            30.03 M                                    [0m
2300 (76.67%)       105.014 ms           1 m, 13 s            29.84 M                                    [0m
2310 (77.00%)       82.627 ms            57 s, 12.958 ms      30.27 M                                    [0m
2320 (77.33%)       76.381 ms            51 s, 938.848 ms     29.44 M                                    [0m
2330 (77.67%)       95.649 ms            1 m, 4 s             30.57 M                                    [0m
2340 (78.00%)       118.962 ms           1 m, 18 s            30.85 M                                    [0m
2350 (78.33%)       101.960 ms           1 m, 6 s             30.33 M                                    [0m
2360 (78.67%)       87.237 ms            55 s, 831.490 ms     32.47 M                                    [0m

[12A[1K
Step (% Done)       Train Iter (time)    ETA (time)           Train Rays / Sec     Test Rays / Sec       [0m
-------------------------------------------------------------------------------------------------------- [0m
2280 (76.00%)       131.236 ms           1 m, 34 s            26.74 M                                    [0m
2290 (76.33%)       119.192 ms           1 m, 24 s            30.03 M                                    [0m
2300 (76.67%)       105.014 ms           1 m, 13 s            29.84 M                                    [0m
2310 (77.00%)       82.627 ms            57 s, 12.958 ms      30.27 M                                    [0m
2320 (77.33%)       76.381 ms            51 s, 938.848 ms     29.44 M                                    [0m
2330 (77.67%)       95.649 ms            1 m, 4 s             30.57 M                                    [0m
2340 (78.00%)       118.962 ms           1 m, 18 s            30.85 M                                    [0m
2350 (78.33%)       101.960 ms           1 m, 6 s             30.33 M                                    [0m
2360 (78.67%)       87.237 ms            55 s, 831.490 ms     32.47 M                                    [0m
2370 (79.00%)       92.029 ms            57 s, 978.142 ms     33.29 M                                    [0m

[12A[1K
Step (% Done)       Train Iter (time)    ETA (time)           Train Rays / Sec     Test Rays / Sec       [0m
-------------------------------------------------------------------------------------------------------- [0m
2290 (76.33%)       119.192 ms           1 m, 24 s            30.03 M                                    [0m
2300 (76.67%)       105.014 ms           1 m, 13 s            29.84 M                                    [0m
2310 (77.00%)       82.627 ms            57 s, 12.958 ms      30.27 M                                    [0m
2320 (77.33%)       76.381 ms            51 s, 938.848 ms     29.44 M                                    [0m
2330 (77.67%)       95.649 ms            1 m, 4 s             30.57 M                                    [0m
2340 (78.00%)       118.962 ms           1 m, 18 s            30.85 M                                    [0m
2350 (78.33%)       101.960 ms           1 m, 6 s             30.33 M                                    [0m
2360 (78.67%)       87.237 ms            55 s, 831.490 ms     32.47 M                                    [0m
2370 (79.00%)       92.029 ms            57 s, 978.142 ms     33.29 M                                    [0m
2380 (79.33%)       86.457 ms            53 s, 603.452 ms     36.08 M                                    [0m

[12A[1K
Step (% Done)       Train Iter (time)    ETA (time)           Train Rays / Sec     Test Rays / Sec       [0m
-------------------------------------------------------------------------------------------------------- [0m
2300 (76.67%)       105.014 ms           1 m, 13 s            29.84 M                                    [0m
2310 (77.00%)       82.627 ms            57 s, 12.958 ms      30.27 M                                    [0m
2320 (77.33%)       76.381 ms            51 s, 938.848 ms     29.44 M                                    [0m
2330 (77.67%)       95.649 ms            1 m, 4 s             30.57 M                                    [0m
2340 (78.00%)       118.962 ms           1 m, 18 s            30.85 M                                    [0m
2350 (78.33%)       101.960 ms           1 m, 6 s             30.33 M                                    [0m
2360 (78.67%)       87.237 ms            55 s, 831.490 ms     32.47 M                                    [0m
2370 (79.00%)       92.029 ms            57 s, 978.142 ms     33.29 M                                    [0m
2380 (79.33%)       86.457 ms            53 s, 603.452 ms     36.08 M                                    [0m
2390 (79.67%)       127.463 ms           1 m, 17 s            34.85 M                                    [0m
Step 2400: Relocated 131184 GSs.
Step 2400: Added 0 GSs. Now having 5000000 GSs.

[12A[1K
Step (% Done)       Train Iter (time)    ETA (time)           Train Rays / Sec     Test Rays / Sec       [0m
-------------------------------------------------------------------------------------------------------- [0m
2310 (77.00%)       82.627 ms            57 s, 12.958 ms      30.27 M                                    [0m
2320 (77.33%)       76.381 ms            51 s, 938.848 ms     29.44 M                                    [0m
2330 (77.67%)       95.649 ms            1 m, 4 s             30.57 M                                    [0m
2340 (78.00%)       118.962 ms           1 m, 18 s            30.85 M                                    [0m
2350 (78.33%)       101.960 ms           1 m, 6 s             30.33 M                                    [0m
2360 (78.67%)       87.237 ms            55 s, 831.490 ms     32.47 M                                    [0m
2370 (79.00%)       92.029 ms            57 s, 978.142 ms     33.29 M                                    [0m
2380 (79.33%)       86.457 ms            53 s, 603.452 ms     36.08 M                                    [0m
2390 (79.67%)       127.463 ms           1 m, 17 s            34.85 M                                    [0m
2400 (80.00%)       127.803 ms           1 m, 16 s            32.49 M                                    [0m

[12A[1K
Step (% Done)       Train Iter (time)    ETA (time)           Train Rays / Sec     Test Rays / Sec       [0m
-------------------------------------------------------------------------------------------------------- [0m
2320 (77.33%)       76.381 ms            51 s, 938.848 ms     29.44 M                                    [0m
2330 (77.67%)       95.649 ms            1 m, 4 s             30.57 M                                    [0m
2340 (78.00%)       118.962 ms           1 m, 18 s            30.85 M                                    [0m
2350 (78.33%)       101.960 ms           1 m, 6 s             30.33 M                                    [0m
2360 (78.67%)       87.237 ms            55 s, 831.490 ms     32.47 M                                    [0m
2370 (79.00%)       92.029 ms            57 s, 978.142 ms     33.29 M                                    [0m
2380 (79.33%)       86.457 ms            53 s, 603.452 ms     36.08 M                                    [0m
2390 (79.67%)       127.463 ms           1 m, 17 s            34.85 M                                    [0m
2400 (80.00%)       127.803 ms           1 m, 16 s            32.49 M                                    [0m
2410 (80.33%)       83.980 ms            49 s, 548.488 ms     33.53 M                                    [0m

[12A[1K
Step (% Done)       Train Iter (time)    ETA (time)           Train Rays / Sec     Test Rays / Sec       [0m
-------------------------------------------------------------------------------------------------------- [0m
2330 (77.67%)       95.649 ms            1 m, 4 s             30.57 M                                    [0m
2340 (78.00%)       118.962 ms           1 m, 18 s            30.85 M                                    [0m
2350 (78.33%)       101.960 ms           1 m, 6 s             30.33 M                                    [0m
2360 (78.67%)       87.237 ms            55 s, 831.490 ms     32.47 M                                    [0m
2370 (79.00%)       92.029 ms            57 s, 978.142 ms     33.29 M                                    [0m
2380 (79.33%)       86.457 ms            53 s, 603.452 ms     36.08 M                                    [0m
2390 (79.67%)       127.463 ms           1 m, 17 s            34.85 M                                    [0m
2400 (80.00%)       127.803 ms           1 m, 16 s            32.49 M                                    [0m
2410 (80.33%)       83.980 ms            49 s, 548.488 ms     33.53 M                                    [0m
2420 (80.67%)       107.883 ms           1 m, 2 s             28.71 M                                    [0m

[12A[1K
Step (% Done)       Train Iter (time)    ETA (time)           Train Rays / Sec     Test Rays / Sec       [0m
-------------------------------------------------------------------------------------------------------- [0m
2340 (78.00%)       118.962 ms           1 m, 18 s            30.85 M                                    [0m
2350 (78.33%)       101.960 ms           1 m, 6 s             30.33 M                                    [0m
2360 (78.67%)       87.237 ms            55 s, 831.490 ms     32.47 M                                    [0m
2370 (79.00%)       92.029 ms            57 s, 978.142 ms     33.29 M                                    [0m
2380 (79.33%)       86.457 ms            53 s, 603.452 ms     36.08 M                                    [0m
2390 (79.67%)       127.463 ms           1 m, 17 s            34.85 M                                    [0m
2400 (80.00%)       127.803 ms           1 m, 16 s            32.49 M                                    [0m
2410 (80.33%)       83.980 ms            49 s, 548.488 ms     33.53 M                                    [0m
2420 (80.67%)       107.883 ms           1 m, 2 s             28.71 M                                    [0m
2430 (81.00%)       131.309 ms           1 m, 14 s            23.26 M                                    [0m

[12A[1K
Step (% Done)       Train Iter (time)    ETA (time)           Train Rays / Sec     Test Rays / Sec       [0m
-------------------------------------------------------------------------------------------------------- [0m
2350 (78.33%)       101.960 ms           1 m, 6 s             30.33 M                                    [0m
2360 (78.67%)       87.237 ms            55 s, 831.490 ms     32.47 M                                    [0m
2370 (79.00%)       92.029 ms            57 s, 978.142 ms     33.29 M                                    [0m
2380 (79.33%)       86.457 ms            53 s, 603.452 ms     36.08 M                                    [0m
2390 (79.67%)       127.463 ms           1 m, 17 s            34.85 M                                    [0m
2400 (80.00%)       127.803 ms           1 m, 16 s            32.49 M                                    [0m
2410 (80.33%)       83.980 ms            49 s, 548.488 ms     33.53 M                                    [0m
2420 (80.67%)       107.883 ms           1 m, 2 s             28.71 M                                    [0m
2430 (81.00%)       131.309 ms           1 m, 14 s            23.26 M                                    [0m
2440 (81.33%)       137.125 ms           1 m, 16 s            23.67 M                                    [0m

[12A[1K
Step (% Done)       Train Iter (time)    ETA (time)           Train Rays / Sec     Test Rays / Sec       [0m
-------------------------------------------------------------------------------------------------------- [0m
2360 (78.67%)       87.237 ms            55 s, 831.490 ms     32.47 M                                    [0m
2370 (79.00%)       92.029 ms            57 s, 978.142 ms     33.29 M                                    [0m
2380 (79.33%)       86.457 ms            53 s, 603.452 ms     36.08 M                                    [0m
2390 (79.67%)       127.463 ms           1 m, 17 s            34.85 M                                    [0m
2400 (80.00%)       127.803 ms           1 m, 16 s            32.49 M                                    [0m
2410 (80.33%)       83.980 ms            49 s, 548.488 ms     33.53 M                                    [0m
2420 (80.67%)       107.883 ms           1 m, 2 s             28.71 M                                    [0m
2430 (81.00%)       131.309 ms           1 m, 14 s            23.26 M                                    [0m
2440 (81.33%)       137.125 ms           1 m, 16 s            23.67 M                                    [0m
2450 (81.67%)       121.181 ms           1 m, 6 s             26.84 M                                    [0m

[12A[1K
Step (% Done)       Train Iter (time)    ETA (time)           Train Rays / Sec     Test Rays / Sec       [0m
-------------------------------------------------------------------------------------------------------- [0m
2370 (79.00%)       92.029 ms            57 s, 978.142 ms     33.29 M                                    [0m
2380 (79.33%)       86.457 ms            53 s, 603.452 ms     36.08 M                                    [0m
2390 (79.67%)       127.463 ms           1 m, 17 s            34.85 M                                    [0m
2400 (80.00%)       127.803 ms           1 m, 16 s            32.49 M                                    [0m
2410 (80.33%)       83.980 ms            49 s, 548.488 ms     33.53 M                                    [0m
2420 (80.67%)       107.883 ms           1 m, 2 s             28.71 M                                    [0m
2430 (81.00%)       131.309 ms           1 m, 14 s            23.26 M                                    [0m
2440 (81.33%)       137.125 ms           1 m, 16 s            23.67 M                                    [0m
2450 (81.67%)       121.181 ms           1 m, 6 s             26.84 M                                    [0m
2460 (82.00%)       120.112 ms           1 m, 4 s             32.04 M                                    [0m

[12A[1K
Step (% Done)       Train Iter (time)    ETA (time)           Train Rays / Sec     Test Rays / Sec       [0m
-------------------------------------------------------------------------------------------------------- [0m
2380 (79.33%)       86.457 ms            53 s, 603.452 ms     36.08 M                                    [0m
2390 (79.67%)       127.463 ms           1 m, 17 s            34.85 M                                    [0m
2400 (80.00%)       127.803 ms           1 m, 16 s            32.49 M                                    [0m
2410 (80.33%)       83.980 ms            49 s, 548.488 ms     33.53 M                                    [0m
2420 (80.67%)       107.883 ms           1 m, 2 s             28.71 M                                    [0m
2430 (81.00%)       131.309 ms           1 m, 14 s            23.26 M                                    [0m
2440 (81.33%)       137.125 ms           1 m, 16 s            23.67 M                                    [0m
2450 (81.67%)       121.181 ms           1 m, 6 s             26.84 M                                    [0m
2460 (82.00%)       120.112 ms           1 m, 4 s             32.04 M                                    [0m
2470 (82.33%)       181.521 ms           1 m, 36 s            27.75 M                                    [0m

[12A[1K
Step (% Done)       Train Iter (time)    ETA (time)           Train Rays / Sec     Test Rays / Sec       [0m
-------------------------------------------------------------------------------------------------------- [0m
2390 (79.67%)       127.463 ms           1 m, 17 s            34.85 M                                    [0m
2400 (80.00%)       127.803 ms           1 m, 16 s            32.49 M                                    [0m
2410 (80.33%)       83.980 ms            49 s, 548.488 ms     33.53 M                                    [0m
2420 (80.67%)       107.883 ms           1 m, 2 s             28.71 M                                    [0m
2430 (81.00%)       131.309 ms           1 m, 14 s            23.26 M                                    [0m
2440 (81.33%)       137.125 ms           1 m, 16 s            23.67 M                                    [0m
2450 (81.67%)       121.181 ms           1 m, 6 s             26.84 M                                    [0m
2460 (82.00%)       120.112 ms           1 m, 4 s             32.04 M                                    [0m
2470 (82.33%)       181.521 ms           1 m, 36 s            27.75 M                                    [0m
2480 (82.67%)       154.681 ms           1 m, 20 s            27.84 M                                    [0m

[12A[1K
Step (% Done)       Train Iter (time)    ETA (time)           Train Rays / Sec     Test Rays / Sec       [0m
-------------------------------------------------------------------------------------------------------- [0m
2400 (80.00%)       127.803 ms           1 m, 16 s            32.49 M                                    [0m
2410 (80.33%)       83.980 ms            49 s, 548.488 ms     33.53 M                                    [0m
2420 (80.67%)       107.883 ms           1 m, 2 s             28.71 M                                    [0m
2430 (81.00%)       131.309 ms           1 m, 14 s            23.26 M                                    [0m
2440 (81.33%)       137.125 ms           1 m, 16 s            23.67 M                                    [0m
2450 (81.67%)       121.181 ms           1 m, 6 s             26.84 M                                    [0m
2460 (82.00%)       120.112 ms           1 m, 4 s             32.04 M                                    [0m
2470 (82.33%)       181.521 ms           1 m, 36 s            27.75 M                                    [0m
2480 (82.67%)       154.681 ms           1 m, 20 s            27.84 M                                    [0m
2490 (83.00%)       90.420 ms            46 s, 113.979 ms     32.35 M                                    [0m
Step 2500: Relocated 130007 GSs.
Step 2500: Added 0 GSs. Now having 5000000 GSs.
c:\codex\third_party\neurad-studio\nerfstudio\models\splatad.py:1472: UserWarning: GT image and predicted image have different shapes. Cropping GT image to match.
  warnings.warn("GT image and predicted image have different shapes. Cropping GT image to match.")


[12A[1K
Step (% Done)       Train Iter (time)    ETA (time)           Train Rays / Sec     Test Rays / Sec       [0m
-------------------------------------------------------------------------------------------------------- [0m
2410 (80.33%)       83.980 ms            49 s, 548.488 ms     33.53 M                                    [0m
2420 (80.67%)       107.883 ms           1 m, 2 s             28.71 M                                    [0m
2430 (81.00%)       131.309 ms           1 m, 14 s            23.26 M                                    [0m
2440 (81.33%)       137.125 ms           1 m, 16 s            23.67 M                                    [0m
2450 (81.67%)       121.181 ms           1 m, 6 s             26.84 M                                    [0m
2460 (82.00%)       120.112 ms           1 m, 4 s             32.04 M                                    [0m
2470 (82.33%)       181.521 ms           1 m, 36 s            27.75 M                                    [0m
2480 (82.67%)       154.681 ms           1 m, 20 s            27.84 M                                    [0m
2490 (83.00%)       90.420 ms            46 s, 113.979 ms     32.35 M                                    [0m
2500 (83.33%)       83.634 ms            41 s, 816.759 ms     31.91 M              635.08 K              [0m

[12A[1K
Step (% Done)       Train Iter (time)    ETA (time)           Train Rays / Sec     Test Rays / Sec       [0m
-------------------------------------------------------------------------------------------------------- [0m
2420 (80.67%)       107.883 ms           1 m, 2 s             28.71 M                                    [0m
2430 (81.00%)       131.309 ms           1 m, 14 s            23.26 M                                    [0m
2440 (81.33%)       137.125 ms           1 m, 16 s            23.67 M                                    [0m
2450 (81.67%)       121.181 ms           1 m, 6 s             26.84 M                                    [0m
2460 (82.00%)       120.112 ms           1 m, 4 s             32.04 M                                    [0m
2470 (82.33%)       181.521 ms           1 m, 36 s            27.75 M                                    [0m
2480 (82.67%)       154.681 ms           1 m, 20 s            27.84 M                                    [0m
2490 (83.00%)       90.420 ms            46 s, 113.979 ms     32.35 M                                    [0m
2500 (83.33%)       83.634 ms            41 s, 816.759 ms     31.91 M              635.08 K              [0m
2510 (83.67%)       102.023 ms           49 s, 991.267 ms     34.72 M                                    [0m

[12A[1K
Step (% Done)       Train Iter (time)    ETA (time)           Train Rays / Sec     Test Rays / Sec       [0m
-------------------------------------------------------------------------------------------------------- [0m
2430 (81.00%)       131.309 ms           1 m, 14 s            23.26 M                                    [0m
2440 (81.33%)       137.125 ms           1 m, 16 s            23.67 M                                    [0m
2450 (81.67%)       121.181 ms           1 m, 6 s             26.84 M                                    [0m
2460 (82.00%)       120.112 ms           1 m, 4 s             32.04 M                                    [0m
2470 (82.33%)       181.521 ms           1 m, 36 s            27.75 M                                    [0m
2480 (82.67%)       154.681 ms           1 m, 20 s            27.84 M                                    [0m
2490 (83.00%)       90.420 ms            46 s, 113.979 ms     32.35 M                                    [0m
2500 (83.33%)       83.634 ms            41 s, 816.759 ms     31.91 M              635.08 K              [0m
2510 (83.67%)       102.023 ms           49 s, 991.267 ms     34.72 M                                    [0m
2520 (84.00%)       121.721 ms           58 s, 425.888 ms     33.73 M                                    [0m

[12A[1K
Step (% Done)       Train Iter (time)    ETA (time)           Train Rays / Sec     Test Rays / Sec       [0m
-------------------------------------------------------------------------------------------------------- [0m
2440 (81.33%)       137.125 ms           1 m, 16 s            23.67 M                                    [0m
2450 (81.67%)       121.181 ms           1 m, 6 s             26.84 M                                    [0m
2460 (82.00%)       120.112 ms           1 m, 4 s             32.04 M                                    [0m
2470 (82.33%)       181.521 ms           1 m, 36 s            27.75 M                                    [0m
2480 (82.67%)       154.681 ms           1 m, 20 s            27.84 M                                    [0m
2490 (83.00%)       90.420 ms            46 s, 113.979 ms     32.35 M                                    [0m
2500 (83.33%)       83.634 ms            41 s, 816.759 ms     31.91 M              635.08 K              [0m
2510 (83.67%)       102.023 ms           49 s, 991.267 ms     34.72 M                                    [0m
2520 (84.00%)       121.721 ms           58 s, 425.888 ms     33.73 M                                    [0m
2530 (84.33%)       116.371 ms           54 s, 694.583 ms     29.27 M                                    [0m

[12A[1K
Step (% Done)       Train Iter (time)    ETA (time)           Train Rays / Sec     Test Rays / Sec       [0m
-------------------------------------------------------------------------------------------------------- [0m
2450 (81.67%)       121.181 ms           1 m, 6 s             26.84 M                                    [0m
2460 (82.00%)       120.112 ms           1 m, 4 s             32.04 M                                    [0m
2470 (82.33%)       181.521 ms           1 m, 36 s            27.75 M                                    [0m
2480 (82.67%)       154.681 ms           1 m, 20 s            27.84 M                                    [0m
2490 (83.00%)       90.420 ms            46 s, 113.979 ms     32.35 M                                    [0m
2500 (83.33%)       83.634 ms            41 s, 816.759 ms     31.91 M              635.08 K              [0m
2510 (83.67%)       102.023 ms           49 s, 991.267 ms     34.72 M                                    [0m
2520 (84.00%)       121.721 ms           58 s, 425.888 ms     33.73 M                                    [0m
2530 (84.33%)       116.371 ms           54 s, 694.583 ms     29.27 M                                    [0m
2540 (84.67%)       111.887 ms           51 s, 468.163 ms     26.39 M                                    [0m

[12A[1K
Step (% Done)       Train Iter (time)    ETA (time)           Train Rays / Sec     Test Rays / Sec       [0m
-------------------------------------------------------------------------------------------------------- [0m
2460 (82.00%)       120.112 ms           1 m, 4 s             32.04 M                                    [0m
2470 (82.33%)       181.521 ms           1 m, 36 s            27.75 M                                    [0m
2480 (82.67%)       154.681 ms           1 m, 20 s            27.84 M                                    [0m
2490 (83.00%)       90.420 ms            46 s, 113.979 ms     32.35 M                                    [0m
2500 (83.33%)       83.634 ms            41 s, 816.759 ms     31.91 M              635.08 K              [0m
2510 (83.67%)       102.023 ms           49 s, 991.267 ms     34.72 M                                    [0m
2520 (84.00%)       121.721 ms           58 s, 425.888 ms     33.73 M                                    [0m
2530 (84.33%)       116.371 ms           54 s, 694.583 ms     29.27 M                                    [0m
2540 (84.67%)       111.887 ms           51 s, 468.163 ms     26.39 M                                    [0m
2550 (85.00%)       96.289 ms            43 s, 329.912 ms     28.13 M                                    [0m

[12A[1K
Step (% Done)       Train Iter (time)    ETA (time)           Train Rays / Sec     Test Rays / Sec       [0m
-------------------------------------------------------------------------------------------------------- [0m
2470 (82.33%)       181.521 ms           1 m, 36 s            27.75 M                                    [0m
2480 (82.67%)       154.681 ms           1 m, 20 s            27.84 M                                    [0m
2490 (83.00%)       90.420 ms            46 s, 113.979 ms     32.35 M                                    [0m
2500 (83.33%)       83.634 ms            41 s, 816.759 ms     31.91 M              635.08 K              [0m
2510 (83.67%)       102.023 ms           49 s, 991.267 ms     34.72 M                                    [0m
2520 (84.00%)       121.721 ms           58 s, 425.888 ms     33.73 M                                    [0m
2530 (84.33%)       116.371 ms           54 s, 694.583 ms     29.27 M                                    [0m
2540 (84.67%)       111.887 ms           51 s, 468.163 ms     26.39 M                                    [0m
2550 (85.00%)       96.289 ms            43 s, 329.912 ms     28.13 M                                    [0m
2560 (85.33%)       86.704 ms            38 s, 149.966 ms     33.02 M                                    [0m

[12A[1K
Step (% Done)       Train Iter (time)    ETA (time)           Train Rays / Sec     Test Rays / Sec       [0m
-------------------------------------------------------------------------------------------------------- [0m
2480 (82.67%)       154.681 ms           1 m, 20 s            27.84 M                                    [0m
2490 (83.00%)       90.420 ms            46 s, 113.979 ms     32.35 M                                    [0m
2500 (83.33%)       83.634 ms            41 s, 816.759 ms     31.91 M              635.08 K              [0m
2510 (83.67%)       102.023 ms           49 s, 991.267 ms     34.72 M                                    [0m
2520 (84.00%)       121.721 ms           58 s, 425.888 ms     33.73 M                                    [0m
2530 (84.33%)       116.371 ms           54 s, 694.583 ms     29.27 M                                    [0m
2540 (84.67%)       111.887 ms           51 s, 468.163 ms     26.39 M                                    [0m
2550 (85.00%)       96.289 ms            43 s, 329.912 ms     28.13 M                                    [0m
2560 (85.33%)       86.704 ms            38 s, 149.966 ms     33.02 M                                    [0m
2570 (85.67%)       124.527 ms           53 s, 546.816 ms     28.73 M                                    [0m

[12A[1K
Step (% Done)       Train Iter (time)    ETA (time)           Train Rays / Sec     Test Rays / Sec       [0m
-------------------------------------------------------------------------------------------------------- [0m
2490 (83.00%)       90.420 ms            46 s, 113.979 ms     32.35 M                                    [0m
2500 (83.33%)       83.634 ms            41 s, 816.759 ms     31.91 M              635.08 K              [0m
2510 (83.67%)       102.023 ms           49 s, 991.267 ms     34.72 M                                    [0m
2520 (84.00%)       121.721 ms           58 s, 425.888 ms     33.73 M                                    [0m
2530 (84.33%)       116.371 ms           54 s, 694.583 ms     29.27 M                                    [0m
2540 (84.67%)       111.887 ms           51 s, 468.163 ms     26.39 M                                    [0m
2550 (85.00%)       96.289 ms            43 s, 329.912 ms     28.13 M                                    [0m
2560 (85.33%)       86.704 ms            38 s, 149.966 ms     33.02 M                                    [0m
2570 (85.67%)       124.527 ms           53 s, 546.816 ms     28.73 M                                    [0m
2580 (86.00%)       168.607 ms           1 m, 10 s            25.27 M                                    [0m

[12A[1K
Step (% Done)       Train Iter (time)    ETA (time)           Train Rays / Sec     Test Rays / Sec       [0m
-------------------------------------------------------------------------------------------------------- [0m
2500 (83.33%)       83.634 ms            41 s, 816.759 ms     31.91 M              635.08 K              [0m
2510 (83.67%)       102.023 ms           49 s, 991.267 ms     34.72 M                                    [0m
2520 (84.00%)       121.721 ms           58 s, 425.888 ms     33.73 M                                    [0m
2530 (84.33%)       116.371 ms           54 s, 694.583 ms     29.27 M                                    [0m
2540 (84.67%)       111.887 ms           51 s, 468.163 ms     26.39 M                                    [0m
2550 (85.00%)       96.289 ms            43 s, 329.912 ms     28.13 M                                    [0m
2560 (85.33%)       86.704 ms            38 s, 149.966 ms     33.02 M                                    [0m
2570 (85.67%)       124.527 ms           53 s, 546.816 ms     28.73 M                                    [0m
2580 (86.00%)       168.607 ms           1 m, 10 s            25.27 M                                    [0m
2590 (86.33%)       141.583 ms           58 s, 49.080 ms      30.51 M                                    [0m
Step 2600: Relocated 115519 GSs.
Step 2600: Added 0 GSs. Now having 5000000 GSs.

[12A[1K
Step (% Done)       Train Iter (time)    ETA (time)           Train Rays / Sec     Test Rays / Sec       [0m
-------------------------------------------------------------------------------------------------------- [0m
2510 (83.67%)       102.023 ms           49 s, 991.267 ms     34.72 M                                    [0m
2520 (84.00%)       121.721 ms           58 s, 425.888 ms     33.73 M                                    [0m
2530 (84.33%)       116.371 ms           54 s, 694.583 ms     29.27 M                                    [0m
2540 (84.67%)       111.887 ms           51 s, 468.163 ms     26.39 M                                    [0m
2550 (85.00%)       96.289 ms            43 s, 329.912 ms     28.13 M                                    [0m
2560 (85.33%)       86.704 ms            38 s, 149.966 ms     33.02 M                                    [0m
2570 (85.67%)       124.527 ms           53 s, 546.816 ms     28.73 M                                    [0m
2580 (86.00%)       168.607 ms           1 m, 10 s            25.27 M                                    [0m
2590 (86.33%)       141.583 ms           58 s, 49.080 ms      30.51 M                                    [0m
2600 (86.67%)       97.678 ms            39 s, 71.150 ms      34.18 M                                    [0m

[12A[1K
Step (% Done)       Train Iter (time)    ETA (time)           Train Rays / Sec     Test Rays / Sec       [0m
-------------------------------------------------------------------------------------------------------- [0m
2520 (84.00%)       121.721 ms           58 s, 425.888 ms     33.73 M                                    [0m
2530 (84.33%)       116.371 ms           54 s, 694.583 ms     29.27 M                                    [0m
2540 (84.67%)       111.887 ms           51 s, 468.163 ms     26.39 M                                    [0m
2550 (85.00%)       96.289 ms            43 s, 329.912 ms     28.13 M                                    [0m
2560 (85.33%)       86.704 ms            38 s, 149.966 ms     33.02 M                                    [0m
2570 (85.67%)       124.527 ms           53 s, 546.816 ms     28.73 M                                    [0m
2580 (86.00%)       168.607 ms           1 m, 10 s            25.27 M                                    [0m
2590 (86.33%)       141.583 ms           58 s, 49.080 ms      30.51 M                                    [0m
2600 (86.67%)       97.678 ms            39 s, 71.150 ms      34.18 M                                    [0m
2610 (87.00%)       110.765 ms           43 s, 198.505 ms     30.45 M                                    [0m

[12A[1K
Step (% Done)       Train Iter (time)    ETA (time)           Train Rays / Sec     Test Rays / Sec       [0m
-------------------------------------------------------------------------------------------------------- [0m
2530 (84.33%)       116.371 ms           54 s, 694.583 ms     29.27 M                                    [0m
2540 (84.67%)       111.887 ms           51 s, 468.163 ms     26.39 M                                    [0m
2550 (85.00%)       96.289 ms            43 s, 329.912 ms     28.13 M                                    [0m
2560 (85.33%)       86.704 ms            38 s, 149.966 ms     33.02 M                                    [0m
2570 (85.67%)       124.527 ms           53 s, 546.816 ms     28.73 M                                    [0m
2580 (86.00%)       168.607 ms           1 m, 10 s            25.27 M                                    [0m
2590 (86.33%)       141.583 ms           58 s, 49.080 ms      30.51 M                                    [0m
2600 (86.67%)       97.678 ms            39 s, 71.150 ms      34.18 M                                    [0m
2610 (87.00%)       110.765 ms           43 s, 198.505 ms     30.45 M                                    [0m
2620 (87.33%)       113.252 ms           43 s, 35.636 ms      28.44 M                                    [0m

[12A[1K
Step (% Done)       Train Iter (time)    ETA (time)           Train Rays / Sec     Test Rays / Sec       [0m
-------------------------------------------------------------------------------------------------------- [0m
2540 (84.67%)       111.887 ms           51 s, 468.163 ms     26.39 M                                    [0m
2550 (85.00%)       96.289 ms            43 s, 329.912 ms     28.13 M                                    [0m
2560 (85.33%)       86.704 ms            38 s, 149.966 ms     33.02 M                                    [0m
2570 (85.67%)       124.527 ms           53 s, 546.816 ms     28.73 M                                    [0m
2580 (86.00%)       168.607 ms           1 m, 10 s            25.27 M                                    [0m
2590 (86.33%)       141.583 ms           58 s, 49.080 ms      30.51 M                                    [0m
2600 (86.67%)       97.678 ms            39 s, 71.150 ms      34.18 M                                    [0m
2610 (87.00%)       110.765 ms           43 s, 198.505 ms     30.45 M                                    [0m
2620 (87.33%)       113.252 ms           43 s, 35.636 ms      28.44 M                                    [0m
2630 (87.67%)       83.739 ms            30 s, 983.402 ms     38.86 M                                    [0m

[12A[1K
Step (% Done)       Train Iter (time)    ETA (time)           Train Rays / Sec     Test Rays / Sec       [0m
-------------------------------------------------------------------------------------------------------- [0m
2550 (85.00%)       96.289 ms            43 s, 329.912 ms     28.13 M                                    [0m
2560 (85.33%)       86.704 ms            38 s, 149.966 ms     33.02 M                                    [0m
2570 (85.67%)       124.527 ms           53 s, 546.816 ms     28.73 M                                    [0m
2580 (86.00%)       168.607 ms           1 m, 10 s            25.27 M                                    [0m
2590 (86.33%)       141.583 ms           58 s, 49.080 ms      30.51 M                                    [0m
2600 (86.67%)       97.678 ms            39 s, 71.150 ms      34.18 M                                    [0m
2610 (87.00%)       110.765 ms           43 s, 198.505 ms     30.45 M                                    [0m
2620 (87.33%)       113.252 ms           43 s, 35.636 ms      28.44 M                                    [0m
2630 (87.67%)       83.739 ms            30 s, 983.402 ms     38.86 M                                    [0m
2640 (88.00%)       132.875 ms           47 s, 835.134 ms     32.14 M                                    [0m

[12A[1K
Step (% Done)       Train Iter (time)    ETA (time)           Train Rays / Sec     Test Rays / Sec       [0m
-------------------------------------------------------------------------------------------------------- [0m
2560 (85.33%)       86.704 ms            38 s, 149.966 ms     33.02 M                                    [0m
2570 (85.67%)       124.527 ms           53 s, 546.816 ms     28.73 M                                    [0m
2580 (86.00%)       168.607 ms           1 m, 10 s            25.27 M                                    [0m
2590 (86.33%)       141.583 ms           58 s, 49.080 ms      30.51 M                                    [0m
2600 (86.67%)       97.678 ms            39 s, 71.150 ms      34.18 M                                    [0m
2610 (87.00%)       110.765 ms           43 s, 198.505 ms     30.45 M                                    [0m
2620 (87.33%)       113.252 ms           43 s, 35.636 ms      28.44 M                                    [0m
2630 (87.67%)       83.739 ms            30 s, 983.402 ms     38.86 M                                    [0m
2640 (88.00%)       132.875 ms           47 s, 835.134 ms     32.14 M                                    [0m
2650 (88.33%)       138.606 ms           48 s, 512.175 ms     23.06 M                                    [0m

[12A[1K
Step (% Done)       Train Iter (time)    ETA (time)           Train Rays / Sec     Test Rays / Sec       [0m
-------------------------------------------------------------------------------------------------------- [0m
2570 (85.67%)       124.527 ms           53 s, 546.816 ms     28.73 M                                    [0m
2580 (86.00%)       168.607 ms           1 m, 10 s            25.27 M                                    [0m
2590 (86.33%)       141.583 ms           58 s, 49.080 ms      30.51 M                                    [0m
2600 (86.67%)       97.678 ms            39 s, 71.150 ms      34.18 M                                    [0m
2610 (87.00%)       110.765 ms           43 s, 198.505 ms     30.45 M                                    [0m
2620 (87.33%)       113.252 ms           43 s, 35.636 ms      28.44 M                                    [0m
2630 (87.67%)       83.739 ms            30 s, 983.402 ms     38.86 M                                    [0m
2640 (88.00%)       132.875 ms           47 s, 835.134 ms     32.14 M                                    [0m
2650 (88.33%)       138.606 ms           48 s, 512.175 ms     23.06 M                                    [0m
2660 (88.67%)       98.116 ms            33 s, 359.373 ms     31.62 M                                    [0m

[12A[1K
Step (% Done)       Train Iter (time)    ETA (time)           Train Rays / Sec     Test Rays / Sec       [0m
-------------------------------------------------------------------------------------------------------- [0m
2580 (86.00%)       168.607 ms           1 m, 10 s            25.27 M                                    [0m
2590 (86.33%)       141.583 ms           58 s, 49.080 ms      30.51 M                                    [0m
2600 (86.67%)       97.678 ms            39 s, 71.150 ms      34.18 M                                    [0m
2610 (87.00%)       110.765 ms           43 s, 198.505 ms     30.45 M                                    [0m
2620 (87.33%)       113.252 ms           43 s, 35.636 ms      28.44 M                                    [0m
2630 (87.67%)       83.739 ms            30 s, 983.402 ms     38.86 M                                    [0m
2640 (88.00%)       132.875 ms           47 s, 835.134 ms     32.14 M                                    [0m
2650 (88.33%)       138.606 ms           48 s, 512.175 ms     23.06 M                                    [0m
2660 (88.67%)       98.116 ms            33 s, 359.373 ms     31.62 M                                    [0m
2670 (89.00%)       130.719 ms           43 s, 137.421 ms     33.33 M                                    [0m

[12A[1K
Step (% Done)       Train Iter (time)    ETA (time)           Train Rays / Sec     Test Rays / Sec       [0m
-------------------------------------------------------------------------------------------------------- [0m
2590 (86.33%)       141.583 ms           58 s, 49.080 ms      30.51 M                                    [0m
2600 (86.67%)       97.678 ms            39 s, 71.150 ms      34.18 M                                    [0m
2610 (87.00%)       110.765 ms           43 s, 198.505 ms     30.45 M                                    [0m
2620 (87.33%)       113.252 ms           43 s, 35.636 ms      28.44 M                                    [0m
2630 (87.67%)       83.739 ms            30 s, 983.402 ms     38.86 M                                    [0m
2640 (88.00%)       132.875 ms           47 s, 835.134 ms     32.14 M                                    [0m
2650 (88.33%)       138.606 ms           48 s, 512.175 ms     23.06 M                                    [0m
2660 (88.67%)       98.116 ms            33 s, 359.373 ms     31.62 M                                    [0m
2670 (89.00%)       130.719 ms           43 s, 137.421 ms     33.33 M                                    [0m
2680 (89.33%)       150.457 ms           48 s, 146.358 ms     29.57 M                                    [0m

[12A[1K
Step (% Done)       Train Iter (time)    ETA (time)           Train Rays / Sec     Test Rays / Sec       [0m
-------------------------------------------------------------------------------------------------------- [0m
2600 (86.67%)       97.678 ms            39 s, 71.150 ms      34.18 M                                    [0m
2610 (87.00%)       110.765 ms           43 s, 198.505 ms     30.45 M                                    [0m
2620 (87.33%)       113.252 ms           43 s, 35.636 ms      28.44 M                                    [0m
2630 (87.67%)       83.739 ms            30 s, 983.402 ms     38.86 M                                    [0m
2640 (88.00%)       132.875 ms           47 s, 835.134 ms     32.14 M                                    [0m
2650 (88.33%)       138.606 ms           48 s, 512.175 ms     23.06 M                                    [0m
2660 (88.67%)       98.116 ms            33 s, 359.373 ms     31.62 M                                    [0m
2670 (89.00%)       130.719 ms           43 s, 137.421 ms     33.33 M                                    [0m
2680 (89.33%)       150.457 ms           48 s, 146.358 ms     29.57 M                                    [0m
2690 (89.67%)       113.865 ms           35 s, 298.211 ms     30.51 M                                    [0m
Step 2700: Relocated 116207 GSs.
Step 2700: Added 0 GSs. Now having 5000000 GSs.

[12A[1K
Step (% Done)       Train Iter (time)    ETA (time)           Train Rays / Sec     Test Rays / Sec       [0m
-------------------------------------------------------------------------------------------------------- [0m
2610 (87.00%)       110.765 ms           43 s, 198.505 ms     30.45 M                                    [0m
2620 (87.33%)       113.252 ms           43 s, 35.636 ms      28.44 M                                    [0m
2630 (87.67%)       83.739 ms            30 s, 983.402 ms     38.86 M                                    [0m
2640 (88.00%)       132.875 ms           47 s, 835.134 ms     32.14 M                                    [0m
2650 (88.33%)       138.606 ms           48 s, 512.175 ms     23.06 M                                    [0m
2660 (88.67%)       98.116 ms            33 s, 359.373 ms     31.62 M                                    [0m
2670 (89.00%)       130.719 ms           43 s, 137.421 ms     33.33 M                                    [0m
2680 (89.33%)       150.457 ms           48 s, 146.358 ms     29.57 M                                    [0m
2690 (89.67%)       113.865 ms           35 s, 298.211 ms     30.51 M                                    [0m
2700 (90.00%)       76.344 ms            22 s, 903.343 ms     34.30 M                                    [0m

[12A[1K
Step (% Done)       Train Iter (time)    ETA (time)           Train Rays / Sec     Test Rays / Sec       [0m
-------------------------------------------------------------------------------------------------------- [0m
2620 (87.33%)       113.252 ms           43 s, 35.636 ms      28.44 M                                    [0m
2630 (87.67%)       83.739 ms            30 s, 983.402 ms     38.86 M                                    [0m
2640 (88.00%)       132.875 ms           47 s, 835.134 ms     32.14 M                                    [0m
2650 (88.33%)       138.606 ms           48 s, 512.175 ms     23.06 M                                    [0m
2660 (88.67%)       98.116 ms            33 s, 359.373 ms     31.62 M                                    [0m
2670 (89.00%)       130.719 ms           43 s, 137.421 ms     33.33 M                                    [0m
2680 (89.33%)       150.457 ms           48 s, 146.358 ms     29.57 M                                    [0m
2690 (89.67%)       113.865 ms           35 s, 298.211 ms     30.51 M                                    [0m
2700 (90.00%)       76.344 ms            22 s, 903.343 ms     34.30 M                                    [0m
2710 (90.33%)       65.318 ms            18 s, 942.286 ms     37.97 M                                    [0m

[12A[1K
Step (% Done)       Train Iter (time)    ETA (time)           Train Rays / Sec     Test Rays / Sec       [0m
-------------------------------------------------------------------------------------------------------- [0m
2630 (87.67%)       83.739 ms            30 s, 983.402 ms     38.86 M                                    [0m
2640 (88.00%)       132.875 ms           47 s, 835.134 ms     32.14 M                                    [0m
2650 (88.33%)       138.606 ms           48 s, 512.175 ms     23.06 M                                    [0m
2660 (88.67%)       98.116 ms            33 s, 359.373 ms     31.62 M                                    [0m
2670 (89.00%)       130.719 ms           43 s, 137.421 ms     33.33 M                                    [0m
2680 (89.33%)       150.457 ms           48 s, 146.358 ms     29.57 M                                    [0m
2690 (89.67%)       113.865 ms           35 s, 298.211 ms     30.51 M                                    [0m
2700 (90.00%)       76.344 ms            22 s, 903.343 ms     34.30 M                                    [0m
2710 (90.33%)       65.318 ms            18 s, 942.286 ms     37.97 M                                    [0m
2720 (90.67%)       75.332 ms            21 s, 92.876 ms      36.73 M                                    [0m

[12A[1K
Step (% Done)       Train Iter (time)    ETA (time)           Train Rays / Sec     Test Rays / Sec       [0m
-------------------------------------------------------------------------------------------------------- [0m
2640 (88.00%)       132.875 ms           47 s, 835.134 ms     32.14 M                                    [0m
2650 (88.33%)       138.606 ms           48 s, 512.175 ms     23.06 M                                    [0m
2660 (88.67%)       98.116 ms            33 s, 359.373 ms     31.62 M                                    [0m
2670 (89.00%)       130.719 ms           43 s, 137.421 ms     33.33 M                                    [0m
2680 (89.33%)       150.457 ms           48 s, 146.358 ms     29.57 M                                    [0m
2690 (89.67%)       113.865 ms           35 s, 298.211 ms     30.51 M                                    [0m
2700 (90.00%)       76.344 ms            22 s, 903.343 ms     34.30 M                                    [0m
2710 (90.33%)       65.318 ms            18 s, 942.286 ms     37.97 M                                    [0m
2720 (90.67%)       75.332 ms            21 s, 92.876 ms      36.73 M                                    [0m
2730 (91.00%)       87.342 ms            23 s, 582.301 ms     31.40 M                                    [0m

[12A[1K
Step (% Done)       Train Iter (time)    ETA (time)           Train Rays / Sec     Test Rays / Sec       [0m
-------------------------------------------------------------------------------------------------------- [0m
2650 (88.33%)       138.606 ms           48 s, 512.175 ms     23.06 M                                    [0m
2660 (88.67%)       98.116 ms            33 s, 359.373 ms     31.62 M                                    [0m
2670 (89.00%)       130.719 ms           43 s, 137.421 ms     33.33 M                                    [0m
2680 (89.33%)       150.457 ms           48 s, 146.358 ms     29.57 M                                    [0m
2690 (89.67%)       113.865 ms           35 s, 298.211 ms     30.51 M                                    [0m
2700 (90.00%)       76.344 ms            22 s, 903.343 ms     34.30 M                                    [0m
2710 (90.33%)       65.318 ms            18 s, 942.286 ms     37.97 M                                    [0m
2720 (90.67%)       75.332 ms            21 s, 92.876 ms      36.73 M                                    [0m
2730 (91.00%)       87.342 ms            23 s, 582.301 ms     31.40 M                                    [0m
2740 (91.33%)       82.632 ms            21 s, 484.290 ms     32.70 M                                    [0m

[12A[1K
Step (% Done)       Train Iter (time)    ETA (time)           Train Rays / Sec     Test Rays / Sec       [0m
-------------------------------------------------------------------------------------------------------- [0m
2660 (88.67%)       98.116 ms            33 s, 359.373 ms     31.62 M                                    [0m
2670 (89.00%)       130.719 ms           43 s, 137.421 ms     33.33 M                                    [0m
2680 (89.33%)       150.457 ms           48 s, 146.358 ms     29.57 M                                    [0m
2690 (89.67%)       113.865 ms           35 s, 298.211 ms     30.51 M                                    [0m
2700 (90.00%)       76.344 ms            22 s, 903.343 ms     34.30 M                                    [0m
2710 (90.33%)       65.318 ms            18 s, 942.286 ms     37.97 M                                    [0m
2720 (90.67%)       75.332 ms            21 s, 92.876 ms      36.73 M                                    [0m
2730 (91.00%)       87.342 ms            23 s, 582.301 ms     31.40 M                                    [0m
2740 (91.33%)       82.632 ms            21 s, 484.290 ms     32.70 M                                    [0m
2750 (91.67%)       78.925 ms            19 s, 731.283 ms     36.10 M                                    [0m

[12A[1K
Step (% Done)       Train Iter (time)    ETA (time)           Train Rays / Sec     Test Rays / Sec       [0m
-------------------------------------------------------------------------------------------------------- [0m
2670 (89.00%)       130.719 ms           43 s, 137.421 ms     33.33 M                                    [0m
2680 (89.33%)       150.457 ms           48 s, 146.358 ms     29.57 M                                    [0m
2690 (89.67%)       113.865 ms           35 s, 298.211 ms     30.51 M                                    [0m
2700 (90.00%)       76.344 ms            22 s, 903.343 ms     34.30 M                                    [0m
2710 (90.33%)       65.318 ms            18 s, 942.286 ms     37.97 M                                    [0m
2720 (90.67%)       75.332 ms            21 s, 92.876 ms      36.73 M                                    [0m
2730 (91.00%)       87.342 ms            23 s, 582.301 ms     31.40 M                                    [0m
2740 (91.33%)       82.632 ms            21 s, 484.290 ms     32.70 M                                    [0m
2750 (91.67%)       78.925 ms            19 s, 731.283 ms     36.10 M                                    [0m
2760 (92.00%)       104.580 ms           25 s, 99.271 ms      32.77 M                                    [0m

[12A[1K
Step (% Done)       Train Iter (time)    ETA (time)           Train Rays / Sec     Test Rays / Sec       [0m
-------------------------------------------------------------------------------------------------------- [0m
2680 (89.33%)       150.457 ms           48 s, 146.358 ms     29.57 M                                    [0m
2690 (89.67%)       113.865 ms           35 s, 298.211 ms     30.51 M                                    [0m
2700 (90.00%)       76.344 ms            22 s, 903.343 ms     34.30 M                                    [0m
2710 (90.33%)       65.318 ms            18 s, 942.286 ms     37.97 M                                    [0m
2720 (90.67%)       75.332 ms            21 s, 92.876 ms      36.73 M                                    [0m
2730 (91.00%)       87.342 ms            23 s, 582.301 ms     31.40 M                                    [0m
2740 (91.33%)       82.632 ms            21 s, 484.290 ms     32.70 M                                    [0m
2750 (91.67%)       78.925 ms            19 s, 731.283 ms     36.10 M                                    [0m
2760 (92.00%)       104.580 ms           25 s, 99.271 ms      32.77 M                                    [0m
2770 (92.33%)       126.226 ms           29 s, 32.045 ms      28.38 M                                    [0m

[12A[1K
Step (% Done)       Train Iter (time)    ETA (time)           Train Rays / Sec     Test Rays / Sec       [0m
-------------------------------------------------------------------------------------------------------- [0m
2690 (89.67%)       113.865 ms           35 s, 298.211 ms     30.51 M                                    [0m
2700 (90.00%)       76.344 ms            22 s, 903.343 ms     34.30 M                                    [0m
2710 (90.33%)       65.318 ms            18 s, 942.286 ms     37.97 M                                    [0m
2720 (90.67%)       75.332 ms            21 s, 92.876 ms      36.73 M                                    [0m
2730 (91.00%)       87.342 ms            23 s, 582.301 ms     31.40 M                                    [0m
2740 (91.33%)       82.632 ms            21 s, 484.290 ms     32.70 M                                    [0m
2750 (91.67%)       78.925 ms            19 s, 731.283 ms     36.10 M                                    [0m
2760 (92.00%)       104.580 ms           25 s, 99.271 ms      32.77 M                                    [0m
2770 (92.33%)       126.226 ms           29 s, 32.045 ms      28.38 M                                    [0m
2780 (92.67%)       116.644 ms           25 s, 661.764 ms     28.66 M                                    [0m

[12A[1K
Step (% Done)       Train Iter (time)    ETA (time)           Train Rays / Sec     Test Rays / Sec       [0m
-------------------------------------------------------------------------------------------------------- [0m
2700 (90.00%)       76.344 ms            22 s, 903.343 ms     34.30 M                                    [0m
2710 (90.33%)       65.318 ms            18 s, 942.286 ms     37.97 M                                    [0m
2720 (90.67%)       75.332 ms            21 s, 92.876 ms      36.73 M                                    [0m
2730 (91.00%)       87.342 ms            23 s, 582.301 ms     31.40 M                                    [0m
2740 (91.33%)       82.632 ms            21 s, 484.290 ms     32.70 M                                    [0m
2750 (91.67%)       78.925 ms            19 s, 731.283 ms     36.10 M                                    [0m
2760 (92.00%)       104.580 ms           25 s, 99.271 ms      32.77 M                                    [0m
2770 (92.33%)       126.226 ms           29 s, 32.045 ms      28.38 M                                    [0m
2780 (92.67%)       116.644 ms           25 s, 661.764 ms     28.66 M                                    [0m
2790 (93.00%)       122.898 ms           25 s, 808.569 ms     27.37 M                                    [0m
Step 2800: Relocated 131536 GSs.
Step 2800: Added 0 GSs. Now having 5000000 GSs.

[12A[1K
Step (% Done)       Train Iter (time)    ETA (time)           Train Rays / Sec     Test Rays / Sec       [0m
-------------------------------------------------------------------------------------------------------- [0m
2710 (90.33%)       65.318 ms            18 s, 942.286 ms     37.97 M                                    [0m
2720 (90.67%)       75.332 ms            21 s, 92.876 ms      36.73 M                                    [0m
2730 (91.00%)       87.342 ms            23 s, 582.301 ms     31.40 M                                    [0m
2740 (91.33%)       82.632 ms            21 s, 484.290 ms     32.70 M                                    [0m
2750 (91.67%)       78.925 ms            19 s, 731.283 ms     36.10 M                                    [0m
2760 (92.00%)       104.580 ms           25 s, 99.271 ms      32.77 M                                    [0m
2770 (92.33%)       126.226 ms           29 s, 32.045 ms      28.38 M                                    [0m
2780 (92.67%)       116.644 ms           25 s, 661.764 ms     28.66 M                                    [0m
2790 (93.00%)       122.898 ms           25 s, 808.569 ms     27.37 M                                    [0m
2800 (93.33%)       96.900 ms            19 s, 380.031 ms     29.59 M                                    [0m

[12A[1K
Step (% Done)       Train Iter (time)    ETA (time)           Train Rays / Sec     Test Rays / Sec       [0m
-------------------------------------------------------------------------------------------------------- [0m
2720 (90.67%)       75.332 ms            21 s, 92.876 ms      36.73 M                                    [0m
2730 (91.00%)       87.342 ms            23 s, 582.301 ms     31.40 M                                    [0m
2740 (91.33%)       82.632 ms            21 s, 484.290 ms     32.70 M                                    [0m
2750 (91.67%)       78.925 ms            19 s, 731.283 ms     36.10 M                                    [0m
2760 (92.00%)       104.580 ms           25 s, 99.271 ms      32.77 M                                    [0m
2770 (92.33%)       126.226 ms           29 s, 32.045 ms      28.38 M                                    [0m
2780 (92.67%)       116.644 ms           25 s, 661.764 ms     28.66 M                                    [0m
2790 (93.00%)       122.898 ms           25 s, 808.569 ms     27.37 M                                    [0m
2800 (93.33%)       96.900 ms            19 s, 380.031 ms     29.59 M                                    [0m
2810 (93.67%)       80.598 ms            15 s, 313.715 ms     32.92 M                                    [0m

[12A[1K
Step (% Done)       Train Iter (time)    ETA (time)           Train Rays / Sec     Test Rays / Sec       [0m
-------------------------------------------------------------------------------------------------------- [0m
2730 (91.00%)       87.342 ms            23 s, 582.301 ms     31.40 M                                    [0m
2740 (91.33%)       82.632 ms            21 s, 484.290 ms     32.70 M                                    [0m
2750 (91.67%)       78.925 ms            19 s, 731.283 ms     36.10 M                                    [0m
2760 (92.00%)       104.580 ms           25 s, 99.271 ms      32.77 M                                    [0m
2770 (92.33%)       126.226 ms           29 s, 32.045 ms      28.38 M                                    [0m
2780 (92.67%)       116.644 ms           25 s, 661.764 ms     28.66 M                                    [0m
2790 (93.00%)       122.898 ms           25 s, 808.569 ms     27.37 M                                    [0m
2800 (93.33%)       96.900 ms            19 s, 380.031 ms     29.59 M                                    [0m
2810 (93.67%)       80.598 ms            15 s, 313.715 ms     32.92 M                                    [0m
2820 (94.00%)       112.884 ms           20 s, 319.171 ms     29.44 M                                    [0m

[12A[1K
Step (% Done)       Train Iter (time)    ETA (time)           Train Rays / Sec     Test Rays / Sec       [0m
-------------------------------------------------------------------------------------------------------- [0m
2740 (91.33%)       82.632 ms            21 s, 484.290 ms     32.70 M                                    [0m
2750 (91.67%)       78.925 ms            19 s, 731.283 ms     36.10 M                                    [0m
2760 (92.00%)       104.580 ms           25 s, 99.271 ms      32.77 M                                    [0m
2770 (92.33%)       126.226 ms           29 s, 32.045 ms      28.38 M                                    [0m
2780 (92.67%)       116.644 ms           25 s, 661.764 ms     28.66 M                                    [0m
2790 (93.00%)       122.898 ms           25 s, 808.569 ms     27.37 M                                    [0m
2800 (93.33%)       96.900 ms            19 s, 380.031 ms     29.59 M                                    [0m
2810 (93.67%)       80.598 ms            15 s, 313.715 ms     32.92 M                                    [0m
2820 (94.00%)       112.884 ms           20 s, 319.171 ms     29.44 M                                    [0m
2830 (94.33%)       117.527 ms           19 s, 979.535 ms     32.89 M                                    [0m

[12A[1K
Step (% Done)       Train Iter (time)    ETA (time)           Train Rays / Sec     Test Rays / Sec       [0m
-------------------------------------------------------------------------------------------------------- [0m
2750 (91.67%)       78.925 ms            19 s, 731.283 ms     36.10 M                                    [0m
2760 (92.00%)       104.580 ms           25 s, 99.271 ms      32.77 M                                    [0m
2770 (92.33%)       126.226 ms           29 s, 32.045 ms      28.38 M                                    [0m
2780 (92.67%)       116.644 ms           25 s, 661.764 ms     28.66 M                                    [0m
2790 (93.00%)       122.898 ms           25 s, 808.569 ms     27.37 M                                    [0m
2800 (93.33%)       96.900 ms            19 s, 380.031 ms     29.59 M                                    [0m
2810 (93.67%)       80.598 ms            15 s, 313.715 ms     32.92 M                                    [0m
2820 (94.00%)       112.884 ms           20 s, 319.171 ms     29.44 M                                    [0m
2830 (94.33%)       117.527 ms           19 s, 979.535 ms     32.89 M                                    [0m
2840 (94.67%)       111.470 ms           17 s, 835.154 ms     32.60 M                                    [0m

[12A[1K
Step (% Done)       Train Iter (time)    ETA (time)           Train Rays / Sec     Test Rays / Sec       [0m
-------------------------------------------------------------------------------------------------------- [0m
2760 (92.00%)       104.580 ms           25 s, 99.271 ms      32.77 M                                    [0m
2770 (92.33%)       126.226 ms           29 s, 32.045 ms      28.38 M                                    [0m
2780 (92.67%)       116.644 ms           25 s, 661.764 ms     28.66 M                                    [0m
2790 (93.00%)       122.898 ms           25 s, 808.569 ms     27.37 M                                    [0m
2800 (93.33%)       96.900 ms            19 s, 380.031 ms     29.59 M                                    [0m
2810 (93.67%)       80.598 ms            15 s, 313.715 ms     32.92 M                                    [0m
2820 (94.00%)       112.884 ms           20 s, 319.171 ms     29.44 M                                    [0m
2830 (94.33%)       117.527 ms           19 s, 979.535 ms     32.89 M                                    [0m
2840 (94.67%)       111.470 ms           17 s, 835.154 ms     32.60 M                                    [0m
2850 (95.00%)       101.728 ms           15 s, 259.191 ms     30.47 M                                    [0m

[12A[1K
Step (% Done)       Train Iter (time)    ETA (time)           Train Rays / Sec     Test Rays / Sec       [0m
-------------------------------------------------------------------------------------------------------- [0m
2770 (92.33%)       126.226 ms           29 s, 32.045 ms      28.38 M                                    [0m
2780 (92.67%)       116.644 ms           25 s, 661.764 ms     28.66 M                                    [0m
2790 (93.00%)       122.898 ms           25 s, 808.569 ms     27.37 M                                    [0m
2800 (93.33%)       96.900 ms            19 s, 380.031 ms     29.59 M                                    [0m
2810 (93.67%)       80.598 ms            15 s, 313.715 ms     32.92 M                                    [0m
2820 (94.00%)       112.884 ms           20 s, 319.171 ms     29.44 M                                    [0m
2830 (94.33%)       117.527 ms           19 s, 979.535 ms     32.89 M                                    [0m
2840 (94.67%)       111.470 ms           17 s, 835.154 ms     32.60 M                                    [0m
2850 (95.00%)       101.728 ms           15 s, 259.191 ms     30.47 M                                    [0m
2860 (95.33%)       105.604 ms           14 s, 784.572 ms     35.28 M                                    [0m

[12A[1K
Step (% Done)       Train Iter (time)    ETA (time)           Train Rays / Sec     Test Rays / Sec       [0m
-------------------------------------------------------------------------------------------------------- [0m
2780 (92.67%)       116.644 ms           25 s, 661.764 ms     28.66 M                                    [0m
2790 (93.00%)       122.898 ms           25 s, 808.569 ms     27.37 M                                    [0m
2800 (93.33%)       96.900 ms            19 s, 380.031 ms     29.59 M                                    [0m
2810 (93.67%)       80.598 ms            15 s, 313.715 ms     32.92 M                                    [0m
2820 (94.00%)       112.884 ms           20 s, 319.171 ms     29.44 M                                    [0m
2830 (94.33%)       117.527 ms           19 s, 979.535 ms     32.89 M                                    [0m
2840 (94.67%)       111.470 ms           17 s, 835.154 ms     32.60 M                                    [0m
2850 (95.00%)       101.728 ms           15 s, 259.191 ms     30.47 M                                    [0m
2860 (95.33%)       105.604 ms           14 s, 784.572 ms     35.28 M                                    [0m
2870 (95.67%)       111.770 ms           14 s, 530.036 ms     35.15 M                                    [0m

[12A[1K
Step (% Done)       Train Iter (time)    ETA (time)           Train Rays / Sec     Test Rays / Sec       [0m
-------------------------------------------------------------------------------------------------------- [0m
2790 (93.00%)       122.898 ms           25 s, 808.569 ms     27.37 M                                    [0m
2800 (93.33%)       96.900 ms            19 s, 380.031 ms     29.59 M                                    [0m
2810 (93.67%)       80.598 ms            15 s, 313.715 ms     32.92 M                                    [0m
2820 (94.00%)       112.884 ms           20 s, 319.171 ms     29.44 M                                    [0m
2830 (94.33%)       117.527 ms           19 s, 979.535 ms     32.89 M                                    [0m
2840 (94.67%)       111.470 ms           17 s, 835.154 ms     32.60 M                                    [0m
2850 (95.00%)       101.728 ms           15 s, 259.191 ms     30.47 M                                    [0m
2860 (95.33%)       105.604 ms           14 s, 784.572 ms     35.28 M                                    [0m
2870 (95.67%)       111.770 ms           14 s, 530.036 ms     35.15 M                                    [0m
2880 (96.00%)       123.705 ms           14 s, 844.555 ms     31.43 M                                    [0m

[12A[1K
Step (% Done)       Train Iter (time)    ETA (time)           Train Rays / Sec     Test Rays / Sec       [0m
-------------------------------------------------------------------------------------------------------- [0m
2800 (93.33%)       96.900 ms            19 s, 380.031 ms     29.59 M                                    [0m
2810 (93.67%)       80.598 ms            15 s, 313.715 ms     32.92 M                                    [0m
2820 (94.00%)       112.884 ms           20 s, 319.171 ms     29.44 M                                    [0m
2830 (94.33%)       117.527 ms           19 s, 979.535 ms     32.89 M                                    [0m
2840 (94.67%)       111.470 ms           17 s, 835.154 ms     32.60 M                                    [0m
2850 (95.00%)       101.728 ms           15 s, 259.191 ms     30.47 M                                    [0m
2860 (95.33%)       105.604 ms           14 s, 784.572 ms     35.28 M                                    [0m
2870 (95.67%)       111.770 ms           14 s, 530.036 ms     35.15 M                                    [0m
2880 (96.00%)       123.705 ms           14 s, 844.555 ms     31.43 M                                    [0m
2890 (96.33%)       121.477 ms           13 s, 362.468 ms     29.76 M                                    [0m
Step 2900: Relocated 123160 GSs.
Step 2900: Added 0 GSs. Now having 5000000 GSs.

[12A[1K
Step (% Done)       Train Iter (time)    ETA (time)           Train Rays / Sec     Test Rays / Sec       [0m
-------------------------------------------------------------------------------------------------------- [0m
2810 (93.67%)       80.598 ms            15 s, 313.715 ms     32.92 M                                    [0m
2820 (94.00%)       112.884 ms           20 s, 319.171 ms     29.44 M                                    [0m
2830 (94.33%)       117.527 ms           19 s, 979.535 ms     32.89 M                                    [0m
2840 (94.67%)       111.470 ms           17 s, 835.154 ms     32.60 M                                    [0m
2850 (95.00%)       101.728 ms           15 s, 259.191 ms     30.47 M                                    [0m
2860 (95.33%)       105.604 ms           14 s, 784.572 ms     35.28 M                                    [0m
2870 (95.67%)       111.770 ms           14 s, 530.036 ms     35.15 M                                    [0m
2880 (96.00%)       123.705 ms           14 s, 844.555 ms     31.43 M                                    [0m
2890 (96.33%)       121.477 ms           13 s, 362.468 ms     29.76 M                                    [0m
2900 (96.67%)       107.240 ms           10 s, 723.999 ms     34.31 M                                    [0m

[12A[1K
Step (% Done)       Train Iter (time)    ETA (time)           Train Rays / Sec     Test Rays / Sec       [0m
-------------------------------------------------------------------------------------------------------- [0m
2820 (94.00%)       112.884 ms           20 s, 319.171 ms     29.44 M                                    [0m
2830 (94.33%)       117.527 ms           19 s, 979.535 ms     32.89 M                                    [0m
2840 (94.67%)       111.470 ms           17 s, 835.154 ms     32.60 M                                    [0m
2850 (95.00%)       101.728 ms           15 s, 259.191 ms     30.47 M                                    [0m
2860 (95.33%)       105.604 ms           14 s, 784.572 ms     35.28 M                                    [0m
2870 (95.67%)       111.770 ms           14 s, 530.036 ms     35.15 M                                    [0m
2880 (96.00%)       123.705 ms           14 s, 844.555 ms     31.43 M                                    [0m
2890 (96.33%)       121.477 ms           13 s, 362.468 ms     29.76 M                                    [0m
2900 (96.67%)       107.240 ms           10 s, 723.999 ms     34.31 M                                    [0m
2910 (97.00%)       99.805 ms            8 s, 982.491 ms      36.76 M                                    [0m

[12A[1K
Step (% Done)       Train Iter (time)    ETA (time)           Train Rays / Sec     Test Rays / Sec       [0m
-------------------------------------------------------------------------------------------------------- [0m
2830 (94.33%)       117.527 ms           19 s, 979.535 ms     32.89 M                                    [0m
2840 (94.67%)       111.470 ms           17 s, 835.154 ms     32.60 M                                    [0m
2850 (95.00%)       101.728 ms           15 s, 259.191 ms     30.47 M                                    [0m
2860 (95.33%)       105.604 ms           14 s, 784.572 ms     35.28 M                                    [0m
2870 (95.67%)       111.770 ms           14 s, 530.036 ms     35.15 M                                    [0m
2880 (96.00%)       123.705 ms           14 s, 844.555 ms     31.43 M                                    [0m
2890 (96.33%)       121.477 ms           13 s, 362.468 ms     29.76 M                                    [0m
2900 (96.67%)       107.240 ms           10 s, 723.999 ms     34.31 M                                    [0m
2910 (97.00%)       99.805 ms            8 s, 982.491 ms      36.76 M                                    [0m
2920 (97.33%)       91.462 ms            7 s, 316.933 ms      35.56 M                                    [0m

[12A[1K
Step (% Done)       Train Iter (time)    ETA (time)           Train Rays / Sec     Test Rays / Sec       [0m
-------------------------------------------------------------------------------------------------------- [0m
2840 (94.67%)       111.470 ms           17 s, 835.154 ms     32.60 M                                    [0m
2850 (95.00%)       101.728 ms           15 s, 259.191 ms     30.47 M                                    [0m
2860 (95.33%)       105.604 ms           14 s, 784.572 ms     35.28 M                                    [0m
2870 (95.67%)       111.770 ms           14 s, 530.036 ms     35.15 M                                    [0m
2880 (96.00%)       123.705 ms           14 s, 844.555 ms     31.43 M                                    [0m
2890 (96.33%)       121.477 ms           13 s, 362.468 ms     29.76 M                                    [0m
2900 (96.67%)       107.240 ms           10 s, 723.999 ms     34.31 M                                    [0m
2910 (97.00%)       99.805 ms            8 s, 982.491 ms      36.76 M                                    [0m
2920 (97.33%)       91.462 ms            7 s, 316.933 ms      35.56 M                                    [0m
2930 (97.67%)       90.236 ms            6 s, 316.489 ms      32.64 M                                    [0m

[12A[1K
Step (% Done)       Train Iter (time)    ETA (time)           Train Rays / Sec     Test Rays / Sec       [0m
-------------------------------------------------------------------------------------------------------- [0m
2850 (95.00%)       101.728 ms           15 s, 259.191 ms     30.47 M                                    [0m
2860 (95.33%)       105.604 ms           14 s, 784.572 ms     35.28 M                                    [0m
2870 (95.67%)       111.770 ms           14 s, 530.036 ms     35.15 M                                    [0m
2880 (96.00%)       123.705 ms           14 s, 844.555 ms     31.43 M                                    [0m
2890 (96.33%)       121.477 ms           13 s, 362.468 ms     29.76 M                                    [0m
2900 (96.67%)       107.240 ms           10 s, 723.999 ms     34.31 M                                    [0m
2910 (97.00%)       99.805 ms            8 s, 982.491 ms      36.76 M                                    [0m
2920 (97.33%)       91.462 ms            7 s, 316.933 ms      35.56 M                                    [0m
2930 (97.67%)       90.236 ms            6 s, 316.489 ms      32.64 M                                    [0m
2940 (98.00%)       95.301 ms            5 s, 718.060 ms      27.52 M                                    [0m

[12A[1K
Step (% Done)       Train Iter (time)    ETA (time)           Train Rays / Sec     Test Rays / Sec       [0m
-------------------------------------------------------------------------------------------------------- [0m
2860 (95.33%)       105.604 ms           14 s, 784.572 ms     35.28 M                                    [0m
2870 (95.67%)       111.770 ms           14 s, 530.036 ms     35.15 M                                    [0m
2880 (96.00%)       123.705 ms           14 s, 844.555 ms     31.43 M                                    [0m
2890 (96.33%)       121.477 ms           13 s, 362.468 ms     29.76 M                                    [0m
2900 (96.67%)       107.240 ms           10 s, 723.999 ms     34.31 M                                    [0m
2910 (97.00%)       99.805 ms            8 s, 982.491 ms      36.76 M                                    [0m
2920 (97.33%)       91.462 ms            7 s, 316.933 ms      35.56 M                                    [0m
2930 (97.67%)       90.236 ms            6 s, 316.489 ms      32.64 M                                    [0m
2940 (98.00%)       95.301 ms            5 s, 718.060 ms      27.52 M                                    [0m
2950 (98.33%)       111.611 ms           5 s, 580.526 ms      29.88 M                                    [0m

[12A[1K
Step (% Done)       Train Iter (time)    ETA (time)           Train Rays / Sec     Test Rays / Sec       [0m
-------------------------------------------------------------------------------------------------------- [0m
2870 (95.67%)       111.770 ms           14 s, 530.036 ms     35.15 M                                    [0m
2880 (96.00%)       123.705 ms           14 s, 844.555 ms     31.43 M                                    [0m
2890 (96.33%)       121.477 ms           13 s, 362.468 ms     29.76 M                                    [0m
2900 (96.67%)       107.240 ms           10 s, 723.999 ms     34.31 M                                    [0m
2910 (97.00%)       99.805 ms            8 s, 982.491 ms      36.76 M                                    [0m
2920 (97.33%)       91.462 ms            7 s, 316.933 ms      35.56 M                                    [0m
2930 (97.67%)       90.236 ms            6 s, 316.489 ms      32.64 M                                    [0m
2940 (98.00%)       95.301 ms            5 s, 718.060 ms      27.52 M                                    [0m
2950 (98.33%)       111.611 ms           5 s, 580.526 ms      29.88 M                                    [0m
2960 (98.67%)       81.843 ms            3 s, 273.719 ms      36.30 M                                    [0m

[12A[1K
Step (% Done)       Train Iter (time)    ETA (time)           Train Rays / Sec     Test Rays / Sec       [0m
-------------------------------------------------------------------------------------------------------- [0m
2880 (96.00%)       123.705 ms           14 s, 844.555 ms     31.43 M                                    [0m
2890 (96.33%)       121.477 ms           13 s, 362.468 ms     29.76 M                                    [0m
2900 (96.67%)       107.240 ms           10 s, 723.999 ms     34.31 M                                    [0m
2910 (97.00%)       99.805 ms            8 s, 982.491 ms      36.76 M                                    [0m
2920 (97.33%)       91.462 ms            7 s, 316.933 ms      35.56 M                                    [0m
2930 (97.67%)       90.236 ms            6 s, 316.489 ms      32.64 M                                    [0m
2940 (98.00%)       95.301 ms            5 s, 718.060 ms      27.52 M                                    [0m
2950 (98.33%)       111.611 ms           5 s, 580.526 ms      29.88 M                                    [0m
2960 (98.67%)       81.843 ms            3 s, 273.719 ms      36.30 M                                    [0m
2970 (99.00%)       62.110 ms            1 s, 863.302 ms      38.34 M                                    [0m

[12A[1K
Step (% Done)       Train Iter (time)    ETA (time)           Train Rays / Sec     Test Rays / Sec       [0m
-------------------------------------------------------------------------------------------------------- [0m
2890 (96.33%)       121.477 ms           13 s, 362.468 ms     29.76 M                                    [0m
2900 (96.67%)       107.240 ms           10 s, 723.999 ms     34.31 M                                    [0m
2910 (97.00%)       99.805 ms            8 s, 982.491 ms      36.76 M                                    [0m
2920 (97.33%)       91.462 ms            7 s, 316.933 ms      35.56 M                                    [0m
2930 (97.67%)       90.236 ms            6 s, 316.489 ms      32.64 M                                    [0m
2940 (98.00%)       95.301 ms            5 s, 718.060 ms      27.52 M                                    [0m
2950 (98.33%)       111.611 ms           5 s, 580.526 ms      29.88 M                                    [0m
2960 (98.67%)       81.843 ms            3 s, 273.719 ms      36.30 M                                    [0m
2970 (99.00%)       62.110 ms            1 s, 863.302 ms      38.34 M                                    [0m
2980 (99.33%)       74.971 ms            1 s, 499.426 ms      35.85 M                                    [0m

[12A[1K
Step (% Done)       Train Iter (time)    ETA (time)           Train Rays / Sec     Test Rays / Sec       [0m
-------------------------------------------------------------------------------------------------------- [0m
2900 (96.67%)       107.240 ms           10 s, 723.999 ms     34.31 M                                    [0m
2910 (97.00%)       99.805 ms            8 s, 982.491 ms      36.76 M                                    [0m
2920 (97.33%)       91.462 ms            7 s, 316.933 ms      35.56 M                                    [0m
2930 (97.67%)       90.236 ms            6 s, 316.489 ms      32.64 M                                    [0m
2940 (98.00%)       95.301 ms            5 s, 718.060 ms      27.52 M                                    [0m
2950 (98.33%)       111.611 ms           5 s, 580.526 ms      29.88 M                                    [0m
2960 (98.67%)       81.843 ms            3 s, 273.719 ms      36.30 M                                    [0m
2970 (99.00%)       62.110 ms            1 s, 863.302 ms      38.34 M                                    [0m
2980 (99.33%)       74.971 ms            1 s, 499.426 ms      35.85 M                                    [0m
2990 (99.67%)       97.802 ms            978.017 ms           33.89 M                                    [0m

[12A[1K
Step (% Done)                                                                       [0m
--------------------                                                                [0m
2910 (97.00%)       99.805 ms            8 s, 982.491 ms      36.76 M               [0m
2920 (97.33%)       91.462 ms            7 s, 316.933 ms      35.56 M               [0m
2930 (97.67%)       90.236 ms            6 s, 316.489 ms      32.64 M               [0m
2940 (98.00%)       95.301 ms            5 s, 718.060 ms      27.52 M               [0m
2950 (98.33%)       111.611 ms           5 s, 580.526 ms      29.88 M               [0m
2960 (98.67%)       81.843 ms            3 s, 273.719 ms      36.30 M               [0m
2970 (99.00%)       62.110 ms            1 s, 863.302 ms      38.34 M               [0m
2980 (99.33%)       74.971 ms            1 s, 499.426 ms      35.85 M               [0m
2990 (99.67%)       97.802 ms            978.017 ms           33.89 M               [0m
2999 (99.97%)                                                                       [0m
┌────────────────────────────────────────────── 🎉 Training Finished 🎉 ───────────────────────────────────────────────┐
│                        ╷                                                                                             │
│   Config File          │ C:\codex\outputs\training\intermediate_3000\splatad\2026-09-26_051956_834730Z\config.yml    │
│   Checkpoint Directory │ C:\codex\outputs\training\intermediate_3000\splatad\2026-09-26_051956_834730Z\nerfstudio…   │
│                        ╵                                                                                             │
└──────────────────────────────────────────────────────────────────────────────────────────────────────────────────────┘
Printing profiling stats, from longest to shortest duration in seconds
SplatADPipeline.get_average_eval_image_metrics: 126.7431            
SplatADPipeline.get_eval_image_metrics_and_images: 3.5064              
Trainer.train_iteration: 0.0939              
VanillaPipeline.get_train_loss_dict: 0.0645              
Trainer.eval_iteration: 0.0481              
